"Name","Team","Age","PA","BB%","K%","BB/K","AVG","OBP","SLG","OPS","ISO","Spd","BABIP","wSB","wRC","wRAA","wOBA","wRC+","playerid"
"Matt Skole","Nationals (A)","22","448","21.0 %","25.9 %","0.81",".286",".438",".574","1.013",".289","4.1",".345","1.4","97","41.5",".449","174","sa526563"
"Colin Walsh","Cardinals (A)","22","425","14.1 %","15.3 %","0.92",".314",".419",".530",".949",".215","4.9",".343","-0.7","84","32.9",".423","164","10961"
"Harold Riggins","Rockies (A)","22","379","9.8 %","27.4 %","0.36",".302",".388",".546",".934",".244","3.9",".385","-1.0","73","25.8",".418","155","sa546789"
"Gregory Polanco","Pirates (A)","20","485","9.1 %","13.2 %","0.69",".325",".388",".522",".910",".197","7.6",".352","0.8","90","29.8",".410","149","12907"
"Brenden Webb","Orioles (A)","22","409","21.3 %","26.4 %","0.81",".251",".422",".457",".878",".206","6.6",".344","1.7","75","24.4",".408","148","sa502672"
"Alen Hanson","Pirates (A)","19","558","9.9 %","18.8 %","0.52",".309",".381",".528",".909",".219","7.9",".364","-1.9","103","32.9",".407","147","12926"
"Austin Barnes","Marlins (A)","22","566","10.4 %","10.8 %","0.97",".318",".401",".481",".882",".163","4.7",".343","0.2","102","31.8",".403","145","12158"
"Taylor Featherston","Rockies (A)","22","444","11.9 %","19.6 %","0.61",".299",".393",".495",".887",".196","6.7",".357","0.7","80","24.8",".403","145","12590"
"Drew Robinson","Rangers (A)","20","507","17.0 %","24.3 %","0.70",".273",".409",".444",".853",".171","5.0",".360","-1.8","89","26.1",".397","141","11761"
"Miguel Sano","Twins (A)","19","553","14.5 %","26.0 %","0.56",".258",".373",".521",".893",".263","4.9",".307","0.1","98","31.0",".396","146","12164"
"Keury De La Cruz","Red Sox (A)","20","506","5.1 %","20.0 %","0.26",".308",".352",".536",".888",".228","7.1",".359","0.2","89","25.4",".396","140","sa506223"
"Shawn Payne","Giants (A)","22","482","12.7 %","14.7 %","0.86",".309",".413",".430",".842",".121","8.1",".361","8.6","83","23.3",".394","139","sa502425"
"Daniel Paolini","Mariners (A)","22","473","10.4 %","13.3 %","0.78",".299",".376",".493",".869",".194","3.2",".317","-0.1","83","25.5",".393","145","sa577980"
"Trevor Story","Rockies (A)","19","548","10.9 %","22.1 %","0.50",".277",".367",".505",".872",".229","7.2",".335","1.1","95","26.3",".393","138","12564"
"Kelly Dugan","Phillies (A)","21","498","9.6 %","24.5 %","0.39",".300",".387",".470",".857",".170","5.0",".391","-0.1","86","23.7",".393","138","sa500838"
"Anthony Garcia","Cardinals (A)","20","444","7.7 %","24.1 %","0.32",".280",".354",".525",".879",".245","4.2",".338","-2.1","77","23.2",".391","143","sa502038"
"Matt Smith","Marlins (A)","24","383","9.1 %","27.2 %","0.34",".279",".358",".506",".864",".226","2.9",".346","-0.9","65","17.3",".390","136","sa503830"
"Billy Burns","Nationals (A)","22","485","13.4 %","14.0 %","0.96",".322",".432",".382",".814",".060","7.5",".387","2.9","82","21.4",".388","135","12701"
"Brent Keys","Marlins (A)","21","422","8.1 %","7.1 %","1.13",".335",".394",".449",".843",".114","6.5",".352","0.8","71","18.5",".388","135","sa501959"
"Delino DeShields","Astros (A)","19","523","13.4 %","20.7 %","0.65",".298",".401",".439",".839",".141","8.6",".373","9.8","88","22.4",".387","134","11379"
"Matt Duffy","Astros (A)","23","587","8.2 %","18.1 %","0.45",".280",".387",".447",".834",".167","3.7",".324","-0.9","98","24.9",".386","134","12181"
"Kevin Pillar","Blue Jays (A)","23","375","9.3 %","14.1 %","0.66",".322",".390",".451",".841",".128","7.3",".371","4.3","63","17.6",".384","139","12434"
"Cam Maron","Mets (A)","21","409","13.0 %","17.8 %","0.73",".300",".403",".408",".811",".108","3.3",".366","-0.6","67","15.7",".381","131","sa503041"
"Garin Cecchini","Red Sox (A)","21","526","11.6 %","17.1 %","0.68",".305",".394",".433",".827",".127","7.8",".371","6.9","85","19.7",".380","130","11608"
"O'Koyea Dickson","Dodgers (A)","22","451","10.2 %","14.4 %","0.71",".272",".366",".479",".845",".207","4.4",".285","-0.5","74","19.4",".379","136","12677"
"Mark Haddow","White Sox (A)","24","458","11.1 %","18.6 %","0.60",".306",".388",".434",".822",".128","5.5",".372","-0.3","73","16.2",".377","128","sa598782"
"William Beckwith","Braves (A)","21","426","7.7 %","21.6 %","0.36",".291",".360",".478",".838",".186","4.1",".348","-1.0","68","15.1",".377","128","sa549500"
"Chris Grayson","Rangers (A)","22","433","12.5 %","21.2 %","0.59",".266",".373",".451",".823",".184","8.3",".327","1.4","69","15.1",".377","128","sa598833"
"Brandon Macias","Brewers (A)","23","560","10.4 %","13.0 %","0.79",".288",".388",".423",".811",".135","4.4",".325","-3.1","89","21.8",".374","132","sa545208"
"Eddie Rosario","Twins (A)","20","429","7.2 %","16.1 %","0.45",".296",".345",".490",".835",".194","5.2",".329","-2.6","68","16.1",".372","131","12155"
"Cameron Seitzer","Rays (A)","22","488","11.3 %","17.0 %","0.66",".307",".386",".429",".815",".123","2.6",".368","-0.5","77","17.8",".371","130","sa578022"
"Ben McMahan","Brewers (A)","22","449","6.5 %","28.7 %","0.22",".287",".335",".500",".835",".213","6.4",".381","-0.5","70","16.1",".370","130","sa455566"
"Jordan Smith","Indians (A)","21","515","6.8 %","10.1 %","0.67",".316",".367",".453",".820",".137","5.8",".338","0.3","80","18.2",".370","129","sa579297"
"Yeison Asencio","Padres (A)","22","378","4.2 %","10.1 %","0.42",".323",".353",".474",".827",".151","5.0",".338","-1.3","59","13.3",".370","129","sa548016"
"Juan Silva","Reds (A)","21","465","14.8 %","23.4 %","0.63",".271",".380",".413",".794",".142","5.9",".351","-0.3","71","14.4",".364","126","sa501563"
"Sam Mende","Rockies (A)","22","479","6.1 %","19.0 %","0.32",".281",".340",".467",".808",".186","7.0",".328","0.6","72","11.9",".364","120","sa577969"
"Eugenio Suarez","Tigers (A)","20","604","10.8 %","19.2 %","0.56",".288",".380",".409",".789",".121","5.9",".356","0.1","92","18.7",".364","126","12552"
"Jabari Blash","Mariners (A)","22","471","12.7 %","28.5 %","0.45",".245",".355",".433",".787",".188","6.6",".328","-0.6","71","13.6",".361","124","11247"
"Jeff Malm","Rays (A)","21","540","11.5 %","23.5 %","0.49",".263",".356",".438",".793",".175","4.4",".330","-0.3","80","15.3",".361","123","sa501489"
"Todd Glaesmann","Rays (A)","21","392","5.6 %","22.7 %","0.25",".281",".338",".469",".806",".188","6.6",".336","0.2","58","11.0",".360","123","sa501261"
"Kevin Patterson","Blue Jays (A)","23","450","11.6 %","27.6 %","0.42",".245",".340",".465",".805",".220","3.7",".305","0.2","67","12.5",".360","123","sa392161"
"Cutter Dykstra","Nationals (A)","23","492","8.7 %","16.9 %","0.52",".291",".366",".408",".774",".117","6.0",".344","4.5","72","10.5",".360","117","sa454428"
"Tyler Massey","Rockies (A)","22","437","8.0 %","17.6 %","0.45",".292",".350",".437",".787",".145","6.7",".339","0.8","64","9.3",".360","117","sa455277"
"Jace Peterson","Padres (A)","22","521","11.9 %","12.1 %","0.98",".286",".378",".392",".770",".106","8.5",".328","4.4","77","14.0",".359","122","12325"
"Boss Moanaroa","Red Sox (A)","20","448","17.2 %","25.2 %","0.68",".262",".391",".365",".756",".103","2.4",".357","-0.9","65","9.1",".358","116","sa503858"
"Justin Trapp","Royals (A)","21","530","8.7 %","21.7 %","0.40",".272",".352",".430",".783",".158","7.5",".336","0.8","78","13.8",".358","122","sa503022"
"Zach Cone","Rangers (A)","22","475","8.2 %","23.2 %","0.35",".262",".326",".461",".787",".199","6.5",".314","1.5","68","8.7",".356","115","sa454512"
"Dan Gamache","Pirates (A)","21","502","8.2 %","18.9 %","0.43",".285",".350",".430",".780",".145","5.5",".348","-0.9","71","8.7",".355","114","sa597966"
"Caleb Ramsey","Nationals (A)","23","510","7.3 %","9.0 %","0.80",".294",".352",".420",".772",".126","7.5",".314","-0.6","72","8.8",".355","114","sa526470"
"Nicky Delmonico","Orioles (A)","19","393","12.0 %","18.6 %","0.64",".249",".351",".411",".762",".163","4.1",".286","0.7","56","6.7",".354","114","13157"
"Zeke DeVoss","Cubs (A)","21","581","14.1 %","20.3 %","0.69",".249",".382",".370",".752",".120","7.6",".319","-0.1","84","13.6",".354","119","sa503303"
"Jared Simon","Rockies (A)","23","466","7.3 %","24.2 %","0.30",".266",".342",".429",".771",".162","4.3",".332","-0.8","66","7.9",".354","114","sa548345"
"Maikel Franco","Phillies (A)","19","554","6.9 %","14.4 %","0.48",".280",".336",".439",".775",".159","3.9",".306","-0.4","78","8.5",".352","112","12179"
"Kevan Smith","White Sox (A)","24","379","6.6 %","16.4 %","0.40",".282",".344",".421",".765",".138","2.0",".324","-0.9","53","5.4",".351","112","12284"
"K.C. Hobson","Blue Jays (A)","21","556","10.1 %","15.3 %","0.66",".276",".345",".433",".778",".157","2.8",".309","-0.3","79","11.5",".351","117","sa501541"
"Drew Vettleson","Rays (A)","20","562","9.1 %","20.8 %","0.44",".275",".340",".432",".772",".156","6.1",".328","-0.9","79","11.3",".350","117","sa548166"
"Jose Osuna","Pirates (A)","19","524","5.9 %","15.6 %","0.38",".280",".324",".454",".779",".174","2.8",".304","-1.4","73","7.1",".350","111","12937"
"Jorge Bonifacio","Royals (A)","19","448","6.7 %","18.8 %","0.36",".282",".336",".432",".768",".150","5.3",".333","-0.3","63","8.7",".349","116","12174"
"Ryan Wright","Reds (A)","22","429","7.5 %","11.9 %","0.63",".285",".343",".424",".767",".139","6.9",".316","2.2","60","8.1",".349","116","sa577732"
"Dustin Lawley","Mets (A)","23","543","9.2 %","22.5 %","0.41",".261",".333",".434",".767",".172","5.9",".318","0.5","75","6.7",".348","110","sa599380"
"Jake Hager","Rays (A)","19","501","8.0 %","12.0 %","0.67",".281",".345",".412",".757",".131","5.3",".302","-1.5","69","8.7",".347","114","sa600840"
"Brett Newsome","Nationals (A)","25","392","8.7 %","22.7 %","0.38",".267",".335",".426",".761",".159","3.7",".332","0.0","53","4.2",".346","109","sa455969"
"Kyle Gaedele","Padres (A)","22","476","11.1 %","24.8 %","0.45",".258",".351",".398",".749",".140","7.5",".348","1.9","66","8.1",".346","114","sa579865"
"Ramon Morla","Mariners (A)","22","442","3.8 %","23.1 %","0.17",".278",".312",".473",".785",".195","7.1",".333","0.8","61","7.5",".346","114","sa509509"
"Kyle Waldrop","Reds (A)","20","469","8.1 %","16.4 %","0.49",".284",".346",".421",".767",".137","5.7",".328","-0.7","65","7.9",".346","114","11402"
"Sean Jamieson","- - -","23","607","12.4 %","17.5 %","0.71",".244",".354",".389",".743",".145","6.7",".284","2.8","83","10.1",".346","114","sa598483"
"Jerrud Sabourin","Indians (A)","22","538","9.5 %","14.3 %","0.66",".297",".369",".379",".748",".083","3.8",".343","0.5","74","9.0",".346","114","sa546776"
"Matt Helm","Diamondbacks (A)","21","592","9.8 %","25.0 %","0.39",".271",".349",".402",".751",".131","4.1",".357","0.2","81","9.8",".346","114","sa501513"
"Kyle Kubitza","Braves (A)","21","531","13.7 %","23.9 %","0.57",".239",".349",".393",".742",".154","6.6",".310","-1.8","71","5.1",".345","108","12148"
"Travis Whitmore","Padres (A)","23","469","10.2 %","20.0 %","0.51",".277",".356",".394",".750",".117","5.8",".349","-1.2","64","7.3",".344","113","sa546623"
"Chadwin Stang","Brewers (A)","23","540","8.0 %","26.7 %","0.30",".270",".333",".420",".753",".150","8.0",".364","0.8","73","7.9",".343","112","sa501594"
"David Renfroe","Red Sox (A)","21","397","8.3 %","17.4 %","0.48",".256",".330",".417",".747",".161","3.7",".291","0.4","53","3.2",".343","107","sa501259"
"Trever Adams","Rangers (A)","23","448","6.5 %","16.3 %","0.40",".286",".331",".421",".752",".136","4.3",".325","-0.7","60","3.6",".343","106","sa546549"
"Tim Ferguson","Royals (A)","23","416","8.4 %","12.0 %","0.70",".283",".346",".392",".738",".109","5.3",".315","-1.2","56","5.3",".341","111","sa526812"
"Dillon Hazlett","Mariners (A)","23","375","6.7 %","20.5 %","0.32",".266",".335",".405",".740",".139","5.9",".327","-2.2","50","4.7",".340","110","sa599180"
"Bryson Myles","Indians (A)","22","418","7.9 %","20.3 %","0.39",".290",".355",".379",".734",".089","4.9",".364","-1.3","56","5.2",".340","110","sa597971"
"Josh Adams","Marlins (A)","23","546","8.2 %","17.6 %","0.47",".264",".327",".417",".744",".153","1.7",".299","-1.2","71","3.2",".340","105","sa392238"
"Zach Johnson","Astros (A)","24","607","12.4 %","15.2 %","0.82",".238",".339",".406",".745",".167","1.8",".255","-1.1","79","3.5",".340","105","sa550332"
"Luigi Rodriguez","Indians (A)","19","521","9.6 %","25.5 %","0.38",".268",".338",".406",".744",".138","6.7",".350","0.8","69","6.1",".339","110","sa547914"
"Ryan Goetz","Marlins (A)","24","440","9.8 %","12.3 %","0.80",".273",".347",".385",".733",".112","4.4",".303","-0.6","57","2.2",".339","104","sa598324"
"Ryan Brett","Rays (A)","20","456","8.1 %","16.0 %","0.51",".285",".348",".393",".741",".107","8.1",".332","6.0","60","5.3",".339","110","12138"
"Kenny Wilson","Blue Jays (A)","22","421","10.5 %","17.8 %","0.59",".252",".360",".358",".718",".106","9.1",".307","4.6","56","4.8",".339","109","sa454437"
"Andy Workman","Angels (A)","23","478","5.9 %","15.3 %","0.38",".278",".329",".423",".752",".145","6.0",".304","0.3","63","5.4",".339","109","sa546865"
"Ben Gamel","Yankees (A)","20","476","4.8 %","14.9 %","0.32",".306",".342",".394",".737",".088","6.1",".356","-1.1","62","2.2",".339","104","12160"
"Ryan Court","Diamondbacks (A)","24","437","8.7 %","25.4 %","0.34",".264",".341",".399",".740",".136","5.4",".347","0.6","58","4.8",".338","109","sa579055"
"Juan Perez","Reds (A)","20","555","9.2 %","15.9 %","0.58",".253",".336",".398",".734",".145","6.7",".290","-1.3","73","5.5",".337","108","sa599306"
"Ryan Rieger","Marlins (A)","21","460","14.6 %","21.5 %","0.68",".237",".352",".361",".713",".124","2.9",".299","-0.4","59","1.3",".336","102","sa546838"
"James Wooster","Marlins (A)","23","403","8.2 %","23.3 %","0.35",".260",".319",".418",".737",".158","3.7",".319","-2.4","51","1.1",".336","102","sa503571"
"Will Skinner","Braves (A)","23","397","9.1 %","27.0 %","0.34",".246",".323",".404",".727",".158","5.8",".326","1.1","50","0.7",".335","101","sa598620"
"Brett Krill","Giants (A)","23","482","4.1 %","16.4 %","0.25",".288",".335",".388",".724",".100","4.1",".341","-1.6","61","0.7",".335","101","sa546843"
"Brian Humphries","Rockies (A)","22","488","7.4 %","14.3 %","0.51",".287",".338",".390",".727",".103","6.4",".332","-1.4","61","0.6",".334","101","sa455430"
"Nick Martini","Cardinals (A)","22","563","11.4 %","10.7 %","1.07",".266",".361",".344",".705",".079","5.1",".297","-1.9","72","3.8",".333","106","sa578044"
"Bobby Crocker","Athletics (A)","22","470","8.3 %","23.2 %","0.36",".268",".347",".369",".716",".101","5.2",".347","-1.0","60","3.2",".333","106","sa577746"
"Luis Mateo","Cardinals (A)","22","445","6.1 %","23.6 %","0.26",".257",".312",".420",".732",".163","7.4",".316","0.9","56","2.7",".332","105","sa455015"
"Drew Leachman","Twins (A)","23","468","9.4 %","13.7 %","0.69",".272",".349",".359",".708",".087","4.9",".310","-0.8","59","2.3",".331","104","sa598602"
"Jose Garcia","Red Sox (A)","21","400","11.3 %","22.0 %","0.51",".251",".338",".367",".705",".116","6.6",".315","0.6","49","-0.7",".331","99","sa503857"
"Matt Williams","Cardinals (A)","22","587","8.2 %","15.5 %","0.53",".269",".333",".383",".716",".114","6.6",".314","-0.7","74","2.8",".330","104","sa577691"
"Tom Belza","Diamondbacks (A)","22","583","9.6 %","16.8 %","0.57",".260",".334",".387",".722",".127","6.9",".302","1.3","73","2.6",".330","104","sa526826"
"Henry Ramos","Red Sox (A)","20","494","8.9 %","20.4 %","0.44",".254",".327",".381",".708",".127","5.2",".313","-2.5","60","-1.4",".329","98","sa548440"
"Luis Sardinas","Rangers (A)","19","412","7.0 %","12.6 %","0.56",".291",".346",".356",".702",".064","7.1",".331","1.9","50","-1.2",".329","98","13153"
"Aaron Altherr","Phillies (A)","21","471","8.1 %","21.7 %","0.37",".252",".319",".402",".722",".150","7.8",".310","1.0","57","-1.4",".329","98","11270"
"Tyler Goeddel","Rays (A)","19","379","10.0 %","24.8 %","0.40",".246",".335",".371",".706",".125","7.4",".325","3.7","47","1.4",".329","103","13180"
"Nick Ramirez","Brewers (A)","22","414","6.3 %","34.8 %","0.18",".248",".295",".446",".741",".198","1.3",".348","-0.1","51","1.5",".329","103","sa577807"
"Francisco Lindor","Indians (A)","18","568","10.7 %","13.7 %","0.78",".257",".352",".355",".707",".098","6.1",".295","0.1","70","1.5",".328","102","12916"
"Paul Hoilman","Cubs (A)","23","473","10.6 %","32.8 %","0.32",".237",".326",".392",".718",".155","4.3",".354","0.0","58","1.2",".328","102","sa598336"
"Alex Lavisky","Indians (A)","21","387","8.8 %","24.5 %","0.36",".246",".314",".404",".718",".158","2.8",".301","0.2","48","1.0",".327","102","sa548434"
"Rougned Odor","Rangers (A)","18","471","5.3 %","13.8 %","0.38",".259",".313",".400",".714",".141","6.4",".284","-1.0","57","-2.1",".327","96","12282"
"Sean Buckley","Reds (A)","22","469","7.0 %","29.6 %","0.24",".244",".307",".413",".720",".169","2.1",".326","-0.8","58","0.9",".327","102","sa455548"
"Daniel Mateo","Royals (A)","20","568","7.6 %","18.1 %","0.42",".262",".325",".386",".711",".124","5.6",".313","-0.1","69","0.6",".326","101","sa506334"
"Aaron Westlake","Tigers (A)","23","518","9.1 %","20.3 %","0.45",".249",".320",".391",".711",".142","3.8",".303","0.2","63","0.3",".325","100","sa549527"
"Frazier Hall","Angels (A)","24","510","7.8 %","17.3 %","0.45",".254",".322",".386",".708",".132","1.6",".285","-0.6","62","0.1",".325","100","sa547003"
"Pin-Chieh Chen","Cubs (A)","20","539","11.5 %","14.5 %","0.79",".259",".345",".347",".692",".088","7.9",".302","1.0","65","-0.1",".324","100","sa549901"
"Justin Miller","Nationals (A)","23","474","7.6 %","21.3 %","0.36",".245",".314",".395",".710",".150","6.5",".293","0.4","56","-3.3",".324","94","sa549344"
"David Medina","Cardinals (A)","23","486","10.3 %","27.4 %","0.38",".241",".318",".385",".703",".144","3.6",".325","-0.9","58","-0.3",".323","99","sa455722"
"Wang-Wei Lin","Twins (A)","24","426","11.5 %","16.4 %","0.70",".232",".343",".334",".677",".102","6.3",".277","-0.8","51","-0.8",".322","99","sa393001"
"Wade Kirkland","Athletics (A)","23","424","6.6 %","23.3 %","0.28",".237",".306",".398",".705",".161","5.0",".298","-0.8","50","-1.1",".321","98","sa549069"
"Blake Swihart","Red Sox (A)","20","378","6.9 %","18.0 %","0.38",".262",".307",".395",".702",".134","5.5",".300","0.0","43","-4.3",".318","91","13176"
"Grant Buckner","White Sox (A)","24","474","9.3 %","23.0 %","0.40",".254",".330",".348",".678",".094","3.8",".325","-1.1","54","-5.5",".318","91","sa599302"
"Scott Schebler","Dodgers (A)","21","560","5.4 %","17.7 %","0.30",".260",".312",".388",".700",".128","6.6",".310","-1.5","65","-2.8",".318","96","12225"
"Sammie Starr","Orioles (A)","24","422","8.1 %","14.0 %","0.58",".238",".324",".350",".673",".111","5.0",".272","0.0","47","-5.2",".317","90","sa549944"
"Jason King","Tigers (A)","23","378","6.6 %","14.0 %","0.47",".253",".307",".400",".707",".147","4.6",".277","0.2","43","-2.2",".317","95","sa597957"
"Greg Hopkins","Brewers (A)","23","425","4.0 %","17.2 %","0.23",".269",".304",".396",".700",".127","3.5",".304","-2.6","48","-3.0",".315","94","sa549602"
"Jason Krizan","Tigers (A)","23","426","11.7 %","11.3 %","1.04",".244",".333",".337",".670",".093","3.1",".267","-0.5","48","-3.5",".314","93","sa546842"
"Elmer Reyes","Braves (A)","21","416","3.6 %","15.4 %","0.23",".251",".296",".391",".686",".140","5.9",".288","-1.5","45","-6.6",".313","87","sa506274"
"Yadiel Rivera","Brewers (A)","20","506","5.1 %","23.5 %","0.22",".247",".290",".402",".692",".155","5.6",".304","0.0","56","-4.7",".312","92","11863"
"Max Walla","Brewers (A)","21","409","11.5 %","26.2 %","0.44",".234",".325",".341",".666",".107","5.5",".313","-2.0","46","-3.9",".312","92","sa500834"
"Willy Garcia","Pirates (A)","19","497","6.4 %","26.4 %","0.24",".240",".286",".403",".689",".163","4.4",".292","-1.9","54","-8.3",".312","87","12956"
"Glynn Davis","Orioles (A)","20","465","11.0 %","19.6 %","0.56",".252",".342",".302",".644",".050","6.1",".322","1.3","50","-8.1",".311","86","sa598601"
"Jamal Austin","Mariners (A)","21","497","5.8 %","13.3 %","0.44",".283",".326",".341",".667",".058","6.9",".323","1.9","54","-5.8",".309","90","sa526245"
"Roidany Aguila","Diamondbacks (A)","21","413","5.8 %","15.7 %","0.37",".254",".299",".378",".678",".124","2.5",".285","-0.2","45","-5.1",".308","90","sa502028"
"Dante Bichette","Yankees (A)","19","522","8.4 %","18.0 %","0.47",".248",".322",".331",".653",".083","4.1",".305","-1.7","55","-10.2",".308","84","sa597776"
"Brian Harrison","Mets (A)","23","473","8.5 %","15.2 %","0.56",".241",".313",".345",".658",".104","4.4",".277","0.5","50","-9.3",".308","84","sa392219"
"Chris Hawkins","Blue Jays (A)","20","541","8.5 %","14.4 %","0.59",".269",".331",".332",".663",".063","5.8",".316","1.9","58","-7.0",".308","89","sa548221"
"Tyler Grimes","Twins (A)","21","381","11.3 %","26.0 %","0.43",".202",".315",".339",".653",".137","5.8",".266","-1.3","41","-4.9",".308","89","sa597897"
"Chad Wright","Tigers (A)","22","591","7.4 %","11.5 %","0.65",".256",".323",".331",".654",".075","5.7",".286","-1.6","63","-8.1",".307","89","sa546600"
"Mychal Givens","Orioles (A)","22","388","10.1 %","12.6 %","0.80",".243",".330",".306",".635",".062","4.1",".279","-1.4","40","-8.3",".306","83","10430"
"Joe Winker","Dodgers (A)","22","474","7.6 %","23.2 %","0.33",".225",".289",".385",".674",".160","5.3",".272","0.6","50","-7.3",".305","87","sa599388"
"Connor Narron","Orioles (A)","20","486","8.0 %","20.8 %","0.39",".232",".300",".353",".653",".121","2.6",".278","-1.4","49","-11.5",".303","81","sa548331"
"J.D. Williams","Twins (A)","21","407","9.6 %","28.3 %","0.34",".234",".311",".340",".651",".106","6.9",".325","0.6","42","-6.7",".303","86","sa548483"
"Gabriel Lino","- - -","19","375","8.0 %","25.9 %","0.31",".222",".293",".352",".645",".130","2.6",".288","-1.5","37","-9.7",".300","79","sa548048"
"Guillermo Pimentel","Mariners (A)","19","398","4.8 %","28.9 %","0.17",".245",".289",".366",".655",".121","3.1",".328","0.0","41","-7.6",".300","84","sa549627"
"Tony Mueller","Braves (A)","22","483","8.7 %","14.7 %","0.59",".266",".335",".285",".620",".019","5.5",".319","0.4","48","-12.6",".300","79","sa546781"
"Justin Gominsky","Astros (A)","22","381","8.9 %","18.1 %","0.49",".241",".318",".310",".628",".069","4.8",".295","0.4","37","-10.4",".298","78","sa547010"
"Leighton Pangilinan","White Sox (A)","21","497","7.6 %","25.6 %","0.30",".225",".299",".342",".641",".117","5.0",".295","0.0","48","-13.7",".298","78","sa503391"
"Brandon Brown","Mets (A)","24","376","9.0 %","21.5 %","0.42",".222",".301",".334",".635",".112","5.8",".275","-1.5","37","-10.4",".298","78","sa549524"
"Douglas Landaeta","Athletics (A)","23","399","5.5 %","20.6 %","0.27",".244",".283",".377",".660",".133","4.5",".284","-1.1","40","-8.2",".298","83","sa502960"
"Jesse Bosnik","Dodgers (A)","23","403","6.5 %","16.6 %","0.39",".239",".290",".360",".651",".121","6.4",".270","2.4","40","-8.8",".296","82","sa549174"
"Chris Ellison","Diamondbacks (A)","23","635","8.7 %","19.4 %","0.45",".240",".309",".329",".638",".089","6.4",".293","0.4","63","-14.0",".296","82","sa578020"
"Jesus Arredondo","Dodgers (A)","21","438","6.4 %","9.4 %","0.68",".254",".305",".340",".645",".086","6.0",".280","-0.9","43","-10.0",".295","81","sa635035"
"Charley Thurber","Mets (A)","22","391","9.5 %","27.9 %","0.34",".223",".303",".321",".623",".097","4.6",".315","-0.9","37","-11.9",".295","76","sa577878"
"Jordan Scott","Astros (A)","20","480","11.9 %","16.9 %","0.70",".230",".325",".280",".604",".050","4.8",".281","-2.8","45","-15.2",".293","75","sa549122"
"James Baldwin","Dodgers (A)","20","496","9.1 %","35.7 %","0.25",".209",".293",".334",".627",".125","9.2",".332","7.0","48","-12.1",".293","80","sa548307"
"Juniel Querecuto","Rays (A)","19","436","8.7 %","18.1 %","0.48",".249",".316",".303",".619",".054","5.4",".311","-0.1","42","-10.7",".293","80","12140"
"Cito Culver","Yankees (A)","19","550","12.9 %","18.9 %","0.68",".215",".321",".283",".604",".069","6.6",".268","-1.1","51","-17.5",".293","75","sa548315"
"Kevin Moesquit","Angels (A)","21","469","9.2 %","14.9 %","0.61",".237",".315",".295",".611",".058","4.3",".278","-1.2","45","-12.1",".291","79","sa549289"
"Greg Pron","Mets (A)","23","436","6.2 %","25.7 %","0.24",".240",".293",".338",".631",".098","7.3",".323","2.8","40","-14.5",".291","73","sa599385"
"Reymond Nunez","Yankees (A)","21","405","4.9 %","26.7 %","0.19",".238",".286",".333",".620",".095","2.7",".320","-0.7","36","-14.6",".287","71","sa505516"
"Anthony Phillips","Mariners (A)","22","442","9.0 %","19.7 %","0.46",".214",".300",".305",".605",".092","4.8",".263","-1.4","41","-12.8",".287","76","sa392886"
"Brandon Loy","Tigers (A)","22","566","8.0 %","21.0 %","0.38",".240",".301",".315",".616",".074","7.1",".307","2.3","52","-16.6",".287","76","sa597885"
"Duanel Jones","Padres (A)","19","443","8.4 %","22.3 %","0.37",".226",".290",".330",".620",".104","3.1",".282","-1.1","40","-13.2",".286","75","sa547235"
"Aaron Shipman","Athletics (A)","20","427","14.1 %","20.1 %","0.70",".206",".319",".261",".580",".056","5.0",".266","-2.6","38","-13.4",".284","74","sa548218"
"Jose Cuevas","Giants (A)","24","385","7.5 %","15.1 %","0.50",".212",".281",".323",".604",".110","5.4",".237","0.2","33","-15.4",".283","68","sa549829"
"Kelby Tomlinson","Giants (A)","22","520","10.2 %","20.2 %","0.50",".224",".309",".269",".578",".044","6.9",".286","1.8","43","-21.5",".281","67","13005"
"Oliver Zapata","Cubs (A)","19","423","9.5 %","22.0 %","0.43",".225",".305",".282",".586",".057","4.1",".286","-1.9","37","-14.4",".281","72","sa547897"
"Brandon Drury","Braves (A)","19","480","4.2 %","15.2 %","0.27",".229",".270",".333",".603",".103","4.0",".259","-1.6","39","-21.0",".278","65","11615"
"Ben Thomas","Giants (A)","23","405","4.9 %","17.5 %","0.28",".243",".281",".325",".606",".082","3.2",".283","0.0","33","-17.9",".277","65","sa598810"
"Wes Darvill","Cubs (A)","20","496","7.9 %","16.7 %","0.47",".224",".285",".306",".592",".083","5.8",".266","-0.5","41","-19.0",".275","68","sa501490"
"Junior Arias","Reds (A)","20","388","5.2 %","24.7 %","0.21",".208",".255",".313",".568",".105","8.2",".263","2.5","28","-18.8",".262","60","sa506265"
"Michael Antonio","Royals (A)","20","511","6.3 %","15.5 %","0.41",".213",".265",".304",".569",".091","4.5",".241","0.2","37","-24.9",".262","60","sa548196"
"Leo Castillo","Indians (A)","18","457","4.2 %","19.3 %","0.22",".216",".254",".318",".572",".101","4.0",".261","0.1","33","-22.6",".261","59","sa547916"
"Trevor Hairgrove","Angels (A)","22","393","4.3 %","17.6 %","0.25",".221",".260",".301",".561",".080","2.8",".261","-0.8","28","-20.0",".259","58","sa547088"
"Jason Esposito","Orioles (A)","21","512","5.1 %","22.1 %","0.23",".209",".260",".277",".537",".068","4.8",".262","-0.2","32","-32.3",".254","50","sa454765"
"Jordan Akins","Rangers (A)","20","447","2.7 %","36.2 %","0.07",".199",".224",".323",".547",".124","7.4",".287","1.2","26","-30.3",".248","46","sa548254"
