Name,PA,BB%,K%,AVG,OBP,SLG,OPS,WAR/PA
A.J. Kirby-Jones,0,2,0,1,1,1,1,0
Aaron Altherr,1,1,1,1,1,1,1,1
Aaron Baker,2,1,1,1,1,2,1,0
Aaron Cunningham,0,1,1,2,2,2,2,0
Aaron Hicks,1,2,1,1,2,1,2,1
Aaron Knapp,1,2,0,0,1,0,0,0
Aaron Shipman,1,2,1,0,1,0,0,0
Aaron Westlake,1,1,1,1,1,1,1,0
Aaron Whitefield,1,1,0,1,1,1,1,0
Abraham Almonte,1,1,1,1,1,1,1,1
Adam Abraham,1,1,1,1,1,1,1,0
Adam Brett Walker,2,1,1,1,1,2,2,0
Adam Coe,1,0,1,1,0,1,1,0
Adam Davis,2,2,1,1,1,1,1,0
Adam Duvall,1,1,1,1,2,2,2,1
Adam Godwin,1,1,2,1,1,1,1,0
Adam White,2,1,1,0,1,0,0,0
Aderlin Rodriguez,2,0,1,0,0,1,0,0
Adrian Cardenas,2,1,1,2,1,1,1,0
Adrian Marin,1,1,1,1,1,1,1,0
Adrian Ortiz,1,0,1,2,1,1,1,0
Adrian Rondon,1,1,0,0,0,0,0,0
Adrian Sanchez,2,0,2,1,0,1,1,0
Adron Chambers,0,1,1,1,1,1,1,0
Albert Baur,1,1,1,2,1,1,1,0
Albert Cartwright,0,1,1,1,1,1,1,0
Albert Cordero,1,0,1,1,1,1,1,0
Alberth Martinez,1,1,1,1,1,2,2,0
Alberto Diaz,1,1,1,0,0,0,0,0
Alberto Garcia,0,1,1,1,1,1,1,0
Alberto Mineo,0,2,1,1,2,1,1,0
Aldrem Corredor,1,1,1,1,1,1,1,0
Alejandro Juvier,1,1,0,1,0,0,0,0
Alen Hanson,2,1,1,2,2,2,2,0
Alex De Leon,1,1,0,0,0,1,1,0
Alex Glenn,1,1,1,1,1,1,1,0
Alex Jackson,0,1,0,1,1,1,1,0
Alex Lavisky,0,1,1,1,1,1,1,0
Alex Liddi,1,1,1,1,1,1,1,0
Alex Monsalve,1,1,1,1,1,1,1,0
Alex Murphy,1,1,0,1,1,1,1,0
Alex Presley,2,1,1,2,1,1,1,0
Alex Santana,1,1,0,1,1,0,0,0
Alex Valdez,1,1,1,1,1,1,1,0
Alex Verdugo,1,0,2,2,1,1,1,0
Alexander Simon,1,0,1,1,1,1,1,0
Alexi Amarista,2,1,2,2,2,2,2,0
Alfredo Escalera,1,0,1,0,0,1,0,0
Alfredo Marte,1,0,1,1,0,1,1,0
Alfredo Rodriguez,1,1,2,1,1,0,1,0
Alfredo Silverio,1,0,1,1,1,1,1,0
Allan Dykstra,2,2,1,0,2,1,1,0
Alonzo Harris,0,1,1,1,1,1,1,0
Amalani Fukofuka,1,1,0,0,0,0,0,0
Anderson Feliz,1,1,0,0,1,1,0,0
Anderson Franco,1,1,1,0,0,1,0,0
Anderson Tejeda,1,1,0,1,1,1,1,0
Andres Gimenez,0,1,1,1,1,1,1,0
Andrew Cain,0,1,0,0,1,1,1,0
Andrew Clark,1,2,1,2,2,2,2,0
Andrew Davis,1,1,1,1,1,1,1,0
Andrew Guillotte,1,1,1,1,1,1,1,0
Andrew Lambo,1,1,1,1,1,2,1,0
Andrew Lefave,1,2,2,2,2,2,2,0
Andrew McCutchen,1,1,1,2,1,1,1,1
Andrew Pullin,2,1,1,1,1,1,1,0
Andrew Romine,2,1,2,1,1,1,1,0
Andrew Toles,2,0,1,2,1,2,2,1
Andrew Velazquez,2,1,1,2,1,1,1,0
Andy D'Alessio,0,1,1,2,1,1,1,0
Andy Jenkins,2,1,1,1,1,1,1,0
Andy Leer,0,1,0,0,0,0,0,0
Andy Parrino,1,2,0,1,1,1,1,0
Andy Vasquez,1,0,1,1,1,1,1,0
Andy Workman,1,1,1,1,1,1,1,0
Aneury Tavarez,1,0,0,1,0,1,1,0
Anfernee Grier,2,1,1,1,1,0,1,0
Anfernee Seymour,2,0,1,1,0,0,0,0
Angel Castillo,1,1,1,1,1,1,1,0
Angel Franco,1,1,2,1,1,1,1,0
Angel Morales,1,1,1,1,1,2,1,0
Angel Ortega,1,0,1,0,0,0,0,0
Angel Reyes,1,1,1,1,1,1,1,0
Angel Rosa,1,1,1,1,1,1,1,0
Angel Salome,1,1,2,2,1,1,1,0
Angel Villalona,1,0,1,1,1,1,1,0
Angelo Castellano,1,1,1,1,1,1,1,0
Angelo Mora,1,1,1,0,0,0,0,0
Angelo Songco,2,1,1,1,1,1,1,0
Angelys Nina,1,0,2,1,1,1,1,0
Anthony Aliotti,2,2,1,1,2,1,1,0
Anthony Contreras,1,0,2,2,1,1,1,0
Anthony Garcia,1,1,1,1,1,2,2,0
Anthony Giansanti,1,1,1,0,0,1,1,0
Anthony Gomez,1,0,2,1,1,1,1,0
Anthony Gose,2,1,1,1,1,1,1,1
Anthony Hatch,2,1,2,2,1,2,2,0
Anthony Hewitt,1,0,0,0,0,1,0,0
Anthony Jackson,1,1,1,1,1,1,1,0
Anthony Martinez,1,1,1,1,1,1,1,0
Anthony Miller,0,1,0,0,0,1,0,0
Anthony Pereira,1,1,1,1,1,1,1,0
Anthony Phillips,1,1,1,0,1,0,0,0
Anthony Recker,1,1,1,1,1,2,2,1
Anthony Scelfo,2,1,1,1,1,1,1,0
Antoan Richardson,1,1,1,2,2,1,1,0
Antonio Rodriguez,1,0,1,1,0,0,0,0
Arby Fields,0,2,1,1,2,0,1,0
Archie Gilbert,0,1,2,1,2,2,2,0
Argenis Diaz,1,1,1,1,1,1,1,0
Argenis Martinez,0,2,1,0,1,0,0,0
Arismendy Alcantara,0,0,1,1,1,1,1,0
Armando Araiza,0,1,0,0,0,0,0,0
Art Charles,1,1,1,1,1,1,1,0
Arturo Rivas,0,1,1,1,1,1,1,0
Arturo Rodriguez,1,1,2,1,1,1,1,0
Audy Ciriaco,1,0,1,0,0,0,0,0
Austen Smith,1,2,0,1,1,1,1,0
Austin Allen,1,1,1,2,1,1,1,0
Austin Aune,1,0,0,1,0,1,1,0
Austin Barnes,2,1,2,2,2,2,2,1
Austin Dean,1,1,1,2,2,1,2,0
Austin Elkins,1,2,1,0,2,1,1,0
Austin Jackson,2,1,1,1,1,1,1,1
Austin Krum,1,1,1,1,1,1,1,0
Austin McClune,1,1,1,0,0,0,0,0
Austin Riley,2,1,0,1,1,2,1,0
Austin Romine,1,1,2,2,1,1,1,0
Avain Rachal,1,1,1,1,1,1,1,0
Avelino Asprilla,1,1,1,1,1,1,1,0
Avery Barnes,1,0,1,2,1,1,1,0
Avery Romero,0,1,2,2,1,1,1,0
Avisail Garcia,1,0,1,1,1,1,1,1
B.A. Vollmuth,0,1,1,0,0,1,0,0
B.J. Boyd,1,1,1,0,1,0,0,0
B.J. Guinn,1,1,1,1,1,0,0,0
B.J. Szymanski,2,1,0,1,1,1,1,0
Balbino Fuenmayor,1,0,0,1,0,1,1,0
Beau Amaral,2,1,1,1,1,0,0,0
Beau Brooks,0,2,1,1,2,1,1,0
Ben Carhart,1,1,2,1,1,1,1,0
Ben Copeland,2,2,1,1,2,1,1,0
Ben Gamel,1,0,1,2,1,1,1,1
Ben Guez,1,0,1,1,1,2,1,0
Ben Johnson,1,1,0,0,0,1,0,0
Ben Jones,1,2,1,2,2,2,2,0
Ben Lasater,2,1,1,2,1,2,2,0
Ben McMahan,1,1,0,1,1,2,2,0
Ben Orloff,0,1,2,1,1,1,1,0
Ben Revere,0,1,2,2,2,2,2,1
Ben Thomas,0,0,1,1,0,0,0,0
Ben Turner,0,0,2,1,0,0,0,0
Bengie Gonzalez,1,1,1,1,1,0,0,0
Billy Burns,1,2,2,2,2,1,2,1
Billy Hamilton,2,1,1,1,1,1,1,1
Billy Nowlin,1,1,2,2,2,2,2,0
Billy Rowell,0,1,0,1,1,1,1,0
Blaine Prescott,0,0,1,1,0,1,1,0
Blake Dean,0,1,2,1,1,1,1,0
Blake Forsythe,1,2,0,1,1,1,1,0
Blake Kelso,2,1,2,2,1,1,1,0
Blake Perkins,2,2,1,1,1,1,1,0
Blake Rutherford,1,1,1,1,1,1,1,0
Blake Smith,1,1,0,1,1,2,2,0
Blake Swihart,0,1,1,1,1,1,1,1
Blake Tekotte,2,1,1,1,1,1,1,0
Bobby Borchering,2,1,1,1,1,1,1,0
Bobby Boyd,1,1,1,1,1,1,1,0
Bobby Bradley,1,2,0,1,1,2,2,0
Bobby Coyle Jr.,1,1,1,1,1,1,1,0
Bobby Crocker,1,1,1,1,1,1,1,0
Bobby Felmy,1,1,2,1,1,1,1,0
Bobby Ison,0,1,2,1,1,0,0,0
Bobby Kingsbury,0,1,1,1,1,1,1,0
Boss Moanaroa,1,2,1,1,2,1,1,0
Brad Chalk,1,1,2,1,1,1,1,0
Brad Coon,2,2,1,1,2,1,1,0
Brad Corley,2,0,1,1,1,1,1,0
Brad Glenn,1,1,1,1,1,2,2,0
Brad Miller,2,1,1,1,1,2,1,1
Brad Zunica,1,1,0,1,0,1,1,0
Bradley Suttle,1,1,1,1,1,2,1,0
Brady Everett,1,1,1,1,1,1,1,0
Brady Shoemaker,0,1,1,2,2,2,2,0
Braeden Schlehuber,0,0,1,0,0,0,0,0
Bralin Jackson,1,1,1,1,1,1,1,0
Brandon Allen,1,1,1,1,1,1,1,0
Brandon Brown,0,1,1,0,1,1,0,0
Brandon Decker,0,1,1,0,1,1,1,0
Brandon Downes,1,1,0,1,1,1,1,0
Brandon Drury,2,1,1,1,1,1,1,0
Brandon Jacobs,1,1,1,2,2,2,2,0
Brandon Laird,1,1,1,1,1,2,2,0
Brandon Lowe,1,2,1,1,1,1,1,0
Brandon Loy,2,1,1,1,1,0,0,0
Brandon Macias,2,1,2,1,2,1,2,0
Brandon Miller,1,1,0,1,1,2,1,0
Brandon Nimmo,1,2,0,1,2,1,1,1
Brandon Short,0,1,1,1,1,1,1,0
Brandon Snyder,1,1,1,1,1,1,1,0
Brandon Tripp,1,1,0,1,2,2,2,0
Brandon Wagner,1,2,0,1,2,1,1,0
Brandon Waring,1,1,0,1,1,2,2,0
Brantley Bell,1,1,1,1,1,0,0,0
Braxton Davidson,1,2,0,1,2,1,1,0
Breland Almadova,1,1,1,1,1,1,1,0
Brendan Rodgers,1,1,1,1,1,2,2,0
Brenden Webb,1,2,0,0,2,1,1,0
Brendon Davis,1,1,0,1,1,1,1,0
Brendon Sanger,1,1,1,0,1,0,1,0
Brennan Boesch,2,0,1,1,0,1,1,0
Brennan Morgan,1,1,1,0,1,0,0,0
Brent Brewer,2,1,0,1,1,1,1,0
Brent Keys,1,1,2,2,2,1,2,0
Brent Wyatt,2,2,2,1,1,1,1,0
Brett Krill,1,0,1,1,1,1,1,0
Brett Lawrie,1,1,1,1,1,2,1,1
Brett Martinez,0,1,1,0,1,0,0,0
Brett Newsome,0,1,1,1,1,1,1,0
Brett Nommensen,1,1,2,1,1,1,1,0
Brett Phillips,1,1,1,2,1,2,2,0
Brett Pill,2,1,2,1,1,1,1,1
Brett Pirtle,0,1,2,1,1,1,1,0
Brett Siddall,2,1,1,1,1,1,1,0
Brett Sullivan,1,0,2,1,1,1,1,0
Brett Tanos,1,2,1,1,2,1,2,0
Brett Vertigan,1,1,2,1,1,0,1,0
Breyvic Valera,2,1,2,2,1,1,1,0
Brian Adams,0,0,0,0,0,0,0,0
Brian Cavazos-Galvez,1,0,2,2,1,2,2,0
Brian Conley,1,2,1,1,2,1,1,0
Brian Fletcher,0,1,1,2,2,2,2,0
Brian Harrison,1,1,1,1,1,1,1,0
Brian Humphries,1,1,1,1,1,1,1,0
Brian Mundell,2,1,2,2,2,2,2,0
Brian O'Keefe,1,1,1,1,1,1,1,0
Brian Pellegrini,1,2,1,2,2,2,2,0
Brian Pettway,1,1,0,1,1,1,1,0
Brian Pointer,1,2,1,0,1,1,1,0
Brian Rike,1,2,0,1,1,1,1,0
Brian Ruggiano,1,1,1,1,1,1,1,0
Brian Schales,1,1,1,1,1,1,1,0
Brian Van Kirk,1,2,1,1,2,1,2,0
Brock Kjeldgaard,2,1,0,1,1,2,1,0
Bryan Anderson,1,1,1,2,2,1,1,0
Bryan Byrne,1,2,1,1,2,1,1,0
Bryan Haar,1,1,0,1,1,1,1,0
Bryan Pounds,1,2,1,1,2,1,1,0
Bryson Brigman,1,1,1,1,1,0,0,0
Bryson Myles,1,1,1,2,1,1,1,0
Bubba Starling,1,1,0,1,1,1,1,0
Byron Wiley,1,2,1,1,2,2,2,0
C.J. Henry,0,1,0,0,0,1,0,0
C.J. McElroy,2,1,1,1,1,0,0,0
Caleb Gindl,2,1,1,2,2,2,2,1
Caleb Ramsey,1,1,2,2,1,1,1,0
Calvin Anderson,1,1,0,1,1,1,1,0
Cam Gibson,1,1,1,0,1,0,0,0
Cam Maron,0,2,1,2,2,1,2,0
Cameron Blair,1,1,2,1,1,0,1,0
Cameron Flynn,0,1,1,2,2,1,2,0
Cameron Garfield,1,0,1,1,0,0,0,0
Cameron Kneeland,1,1,2,1,1,1,1,0
Cameron Maybin,1,1,0,2,2,2,2,1
Cameron Seitzer,1,1,1,2,2,1,2,0
Carl Thomore,1,1,0,0,1,0,0,0
Carlo Testa,2,1,1,1,1,2,2,0
Carlos Arroyo,0,1,2,1,1,0,1,0
Carlos Asuaje,0,1,1,2,2,2,2,1
Carlos Belen,1,1,0,0,0,1,1,0
Carlos Belonis,0,0,0,1,0,0,0,0
Carlos Correa,1,1,1,2,2,2,2,1
Carlos Franco,1,1,1,1,1,0,1,0
Carlos Herrera,2,0,1,1,0,1,0,0
Carlos Lopez,2,1,2,2,2,1,2,0
Carlos Mendez,1,1,2,2,1,1,1,0
Carlos Moncrief,2,2,0,0,1,1,1,0
Carlos Munoz,1,1,2,1,1,1,1,0
Carlos Penalver,1,1,1,0,0,0,0,0
Carlos Perez,1,1,1,1,1,1,1,1
Carlos Ramirez,1,1,1,0,0,1,1,0
Carlos Rivero,1,1,1,1,1,1,1,0
Carlos Tocci,1,0,1,0,0,0,0,0
Carlos Willoughby,2,1,1,1,1,0,1,0
Carmen Angelini,1,1,1,1,1,0,0,0
Carson Kelly,1,1,2,1,1,1,1,0
Casey Craig,0,1,1,1,1,1,1,0
Casey Frawley,2,1,1,1,1,1,1,0
Casey Haerther,1,1,1,2,1,1,1,0
Casey Hughston,1,1,0,0,0,1,0,0
Casey Rowlett,1,1,2,1,1,1,1,0
Casio Grider,1,1,1,0,1,1,1,0
Cedric Hunter,2,1,1,1,1,1,1,0
Cedric Mullins,2,1,1,1,1,2,1,0
Cesar Puello,1,1,1,2,2,1,1,0
Cesar Suarez,2,1,2,2,1,2,2,0
Chad Christensen,2,1,1,1,1,1,1,0
Chad Cregar,1,0,1,0,0,1,1,0
Chad Johnson,1,1,0,0,1,0,0,0
Chad Tracy,2,1,1,1,1,1,1,0
Chad Wright,2,1,2,1,1,0,1,0
Chadwin Stang,2,1,0,1,1,1,1,0
Chance Sisco,1,1,1,2,2,1,2,0
Charcer Burks,1,1,1,1,1,1,1,0
Charley Thurber,0,1,0,0,1,0,0,0
Charlie Culberson,2,1,1,1,1,0,0,0
Charlie Tilson,0,1,2,2,1,1,1,0
Chase Austin,1,1,1,1,1,1,1,0
Chase McDonald,0,1,0,1,1,2,2,0
Chase Simpson,1,2,1,1,1,1,1,0
Che-Hsuan Lin,1,1,1,1,1,1,1,0
Chevy Clarke,1,1,0,0,1,0,0,0
Chih-Hsien Chiang,0,1,1,1,1,1,1,0
Chris Bisson,1,1,1,1,1,0,1,0
Chris Carlson,1,1,2,1,1,1,1,0
Chris Carter,2,2,1,2,2,2,2,0
Chris Carter,2,2,1,2,2,2,2,0
Chris Cates,1,1,2,1,1,0,0,0
Chris Chinea,0,0,1,2,1,1,1,0
Chris Curran,1,0,1,0,0,0,0,0
Chris Dennis,1,2,0,1,1,2,2,0
Chris Dominguez,2,1,1,1,1,2,1,0
Chris Edmondson,0,1,1,1,1,2,1,0
Chris Ellison,2,1,1,1,1,0,0,0
Chris Emanuele,1,1,1,1,1,1,1,0
Chris Garcia,0,2,1,2,2,2,2,0
Chris Gimenez,0,1,1,1,1,1,1,1
Chris Gittens,1,2,0,1,1,2,2,0
Chris Grayson,1,2,1,1,2,1,2,0
Chris Hatcher,0,1,0,1,1,1,1,0
Chris Hawkins,1,1,1,1,1,0,0,0
Chris Heisey,1,1,2,1,1,1,1,1
Chris Lofton,1,1,1,1,1,0,0,0
Chris Mariscal,0,1,0,1,1,1,1,0
Chris McFarland,1,1,1,1,1,1,1,0
Chris Nash,1,1,1,1,1,1,1,0
Chris Nelson,1,1,1,1,1,1,1,0
Chris Parmelee,1,1,0,1,1,1,1,0
Chris Turner,1,1,0,1,1,2,1,0
Christian Bethancourt,1,0,1,1,0,0,0,0
Christian Lara,1,1,1,1,1,1,1,0
Christian Lopes,2,1,2,1,1,1,1,0
Christian Lopez,0,0,1,0,0,0,0,0
Christian Marrero,1,1,1,1,1,1,1,0
Christian Reyes,0,0,1,1,1,1,1,0
Christian Vazquez,1,1,1,1,1,2,2,1
Christian Villanueva,1,1,1,1,1,2,1,0
Christian Yelich,1,1,1,2,2,2,2,1
Christopher Bostick,2,1,1,1,1,1,1,0
Christopher Vinyard,2,1,1,1,1,1,1,0
Chuck Taylor,1,2,1,1,2,1,1,0
Chuckie Caufield,2,1,2,1,1,1,1,0
Chuckie Jones,1,1,0,1,1,1,1,0
Chuckie Robinson,1,1,1,1,1,2,1,0
Cito Culver,1,2,1,0,1,0,0,0
Clark Eagan,1,1,2,1,1,1,1,0
Claudio Bautista,1,0,1,1,0,1,1,0
Clay Fuller,2,2,1,1,2,1,1,0
Clay Harris,2,2,1,1,1,1,1,0
Cliff Andersen,1,1,0,0,1,0,0,0
Clint Coulter,1,2,1,1,2,2,2,0
Clint Frazier,2,1,0,1,1,1,1,0
Clint Robinson,1,1,1,1,1,2,1,0
Cody Daily,1,1,1,1,1,1,1,0
Cody Hawn,1,2,1,2,2,1,1,0
Cody Johnson,1,1,0,1,1,2,1,0
Cody Puckett,2,1,0,1,1,2,1,0
Cody Regis,2,1,2,2,1,1,1,0
Cody Rogers,2,1,1,1,1,1,1,0
Cody Stanley,0,1,1,1,1,1,1,0
Cody Thomas,1,1,0,0,0,1,1,0
Cole Bauml,2,1,1,1,1,1,1,0
Cole Billingsley,1,1,1,1,1,1,1,0
Cole Frenzel,1,1,1,1,1,1,1,0
Cole Garner,1,0,1,2,1,2,2,0
Cole Miles,1,1,1,1,0,0,0,0
Colin Bray,2,1,1,2,2,1,1,0
Colin Walsh,1,2,1,2,2,2,2,0
Collin Woody,1,0,0,0,1,1,1,0
Concepcion Rodriguez,1,1,1,0,1,0,0,0
Conner Capel,1,1,1,1,1,2,1,0
Conner Crumbliss,2,2,1,1,2,1,1,0
Conner Hale,1,0,1,1,0,1,1,0
Connor Marabell,0,1,2,2,2,2,2,0
Connor Narron,1,1,1,0,1,1,1,0
Connor Oliver,1,1,1,1,1,1,1,0
Connor Panas,0,2,1,0,1,1,1,0
Conor Bierfeldt,1,1,1,0,0,1,0,0
Corban Joseph,1,1,2,2,2,1,1,0
Cord Sandberg,2,0,1,1,1,1,1,0
Corey Adamson,0,2,1,1,1,1,1,0
Corey Dickerson,1,1,1,1,1,2,2,1
Corey Kemp,1,2,1,1,2,1,1,0
Corey Toups,1,1,1,2,2,1,1,0
Correlle Prime,2,1,1,2,1,2,2,0
Craig Aikin,0,1,1,1,1,0,0,0
Craig Corrado,2,0,1,1,1,1,1,0
Craig Tatum,0,1,1,1,1,1,1,0
Creede Simpson,0,1,1,1,1,1,1,0
Cristhian Adames,1,1,1,1,1,1,1,0
Cristian Pache,1,1,1,1,1,1,1,0
Cristian Toribio,0,0,1,1,0,1,0,0
Curt Rindal,1,1,1,1,1,1,1,0
Cutter Dykstra,1,1,1,2,2,1,1,0
D' Vontrey Richardson,2,1,0,1,1,1,1,0
D.J. Burt,2,1,1,1,1,1,1,0
D.J. Davis,2,1,0,1,1,1,1,0
D.J. Fitzgerald,1,1,1,1,1,1,1,0
D.J. Hicks,0,1,1,2,1,2,2,0
D.J. Wabick,1,1,1,2,1,1,1,0
Dale Carey,1,2,1,0,1,1,1,0
Dale Mollenhauer,0,1,1,2,1,1,1,0
Dallas Morris,1,0,2,1,1,1,1,0
Dalton Kelly,2,1,1,2,2,1,1,0
Dalton Pompey,1,2,1,1,1,1,1,1
Damek Tomscha,1,1,2,1,2,1,1,0
Dan Black,2,1,1,1,1,2,2,0
Dan Gamache,1,1,1,1,1,1,1,0
Dan Grovatt,2,1,1,1,1,1,1,0
Dan Nelson,2,1,1,1,1,1,1,0
Daniel Arribas,1,1,1,1,1,1,1,0
Daniel Brito,1,1,1,1,0,0,0,0
Daniel Carte,1,1,1,1,1,1,1,0
Daniel Figueroa,1,2,1,1,2,1,1,0
Daniel Garcia,0,1,0,0,0,1,1,0
Daniel Mateo,2,1,1,1,1,1,1,0
Daniel Mayora,2,1,1,2,1,2,2,0
Daniel Palka,1,1,1,1,1,2,1,0
Daniel Paolini,1,1,2,2,2,2,2,0
Daniel Pertusati,1,1,1,1,1,1,1,0
Daniel Rams,1,1,0,1,1,1,1,0
Daniel Robertson,1,1,2,1,1,1,1,0
Daniel Robertson,1,1,2,1,1,1,1,0
Daniel Vogelbach,1,1,1,1,1,1,2,0
Daniel Wagner,2,1,2,1,1,1,1,0
Danny Black,1,1,1,1,1,1,1,0
Danny Brezeale,1,0,0,0,0,1,1,0
Danny Hayes,2,2,1,1,2,1,2,0
Danny Mendick,0,1,1,1,1,1,1,0
Danny Ortiz,1,1,1,1,0,1,1,0
Danny Payne,1,2,1,1,1,1,1,0
Danny Perales,2,1,1,1,1,2,1,0
Danny Pinero,1,1,2,1,2,1,1,0
Danny Santana,0,1,1,1,0,1,1,0
Danny Woodrow,2,1,1,1,1,0,1,0
Danry Vasquez,2,1,2,1,1,1,1,0
Dante Bichette,1,1,1,0,1,0,0,0
Darick Hall,1,1,1,1,1,2,2,0
Darin Holcomb,2,1,2,2,2,2,2,0
Dario Pizzano,2,1,2,2,2,2,2,0
Darrell Ceciliani,1,1,1,1,1,1,1,0
Darren Ford,2,1,1,1,1,1,1,0
Darren Seferina,1,1,1,2,1,1,1,0
Darwin Perez,1,2,1,1,1,1,1,0
Daryl Jones,1,1,1,0,1,1,1,0
Dash Winningham,1,1,1,1,0,1,1,0
David Cash,1,0,1,1,0,0,0,0
David Chester,0,1,1,1,1,2,2,0
David Christensen,1,1,0,0,0,1,1,0
David Dahl,1,1,1,2,1,2,2,1
David Freitas,1,2,1,1,2,1,2,0
David Gonzalez,1,1,2,1,1,0,0,0
David Hicks,0,1,2,1,0,0,0,0
David Lough,2,1,2,1,1,2,1,1
David Mailman,1,1,1,1,1,1,1,0
David Maroul,1,1,0,1,1,1,1,0
David Medina,1,1,0,1,1,1,1,0
David Nick,2,1,1,1,1,1,1,0
David Renfroe,0,1,1,1,1,1,1,0
David Rodriguez,1,1,1,1,1,1,1,0
David Rohm,1,0,2,1,1,1,1,0
David Rubinstein,1,1,1,1,1,1,1,0
David Sutherland,1,1,2,1,1,1,1,0
David Vidal,1,1,1,1,1,2,2,0
David Williams,0,1,1,1,1,1,1,0
David Wood,1,1,1,1,1,1,1,0
Davy Gregg,1,1,1,0,0,0,0,0
Dawel Lugo,1,0,1,1,0,0,0,0
Daz Cameron,1,1,1,1,1,2,2,0
Deangelo Mack,1,1,1,1,1,1,1,0
Dee Brown,1,0,1,1,1,1,1,0
Dee Gordon,2,1,1,2,1,1,1,1
Deivi Grullon,1,0,1,0,0,1,0,0
Deivy Batista,1,1,1,1,0,1,0,0
Delino DeShields,2,1,1,1,1,1,1,1
Delta Cleary Jr.,1,1,1,1,1,1,1,0
Delvi Cid,1,1,1,1,1,0,1,0
Demi Orimoloye,1,1,0,0,0,1,0,0
Denis Phipps,1,1,1,1,1,1,1,0
Denny Almonte,1,1,0,1,0,1,1,0
Derek Dietrich,2,1,1,1,1,2,2,1
Derek Hill,1,1,1,1,1,1,1,0
Derek Jones,1,1,0,1,1,2,1,0
Derek Norris,2,2,1,1,2,2,2,1
Derrick Loveless,1,2,1,1,1,1,1,0
Derrick Mitchell,1,0,1,1,0,1,1,0
Derrick Robinson,1,1,1,1,1,0,0,1
Derrick Walker,1,1,1,1,1,1,1,0
Derrik Gibson,2,1,1,0,1,0,0,0
Desmond Jennings,1,1,2,2,2,2,2,1
Destin Hood,2,1,1,1,1,1,1,0
Devin Harris,1,1,0,0,1,1,1,0
Dexter Fowler,1,1,1,2,2,2,2,1
Dexture McCall,1,1,1,1,1,1,1,0
Dickie Joe Thon,1,0,0,1,1,1,1,0
Didi Gregorius,2,1,2,1,1,1,1,1
Diego Castillo,1,1,2,1,1,0,0,0
Diego Goris,0,0,2,1,0,1,1,0
Dillon Dobson,1,1,1,1,1,2,1,0
Dillon Hazlett,0,1,1,1,1,1,1,0
Dilson Herrera,1,1,1,1,1,1,1,1
Dimas Ojeda,0,0,1,1,0,1,0,0
Dixon Machado,1,1,1,1,1,0,0,0
Dom Nunez,1,2,2,1,2,1,2,0
Domingo Santana,1,1,0,1,1,2,2,1
Dominic D'Anna,0,2,1,1,2,1,1,0
Dominic De La Osa,0,1,1,0,0,0,0,0
Dominic Ficociello,2,1,1,1,1,1,1,0
Dominic Smith,1,1,1,1,1,1,1,0
Domonic Brown,1,2,2,2,2,1,1,0
Donald Dewees Jr.,0,1,2,1,1,1,1,0
Donald Lutz,1,1,1,2,1,2,2,0
Donnie Webb,1,1,1,1,1,1,1,0
Dorssys Paulino,1,1,1,1,1,1,1,0
Douglas Landaeta,1,0,1,1,0,1,1,0
Drew Dosch,2,1,1,2,2,1,1,0
Drew Garcia,1,0,1,1,1,1,1,0
Drew Leachman,1,1,2,1,1,1,1,0
Drew Maggi,2,1,2,1,1,1,1,0
Drew Robinson,1,2,1,1,2,1,2,0
Drew Stubbs,2,2,1,1,1,1,1,1
Drew Vettleson,2,1,1,1,1,1,1,0
Drew Ward,1,1,1,1,1,1,1,0
Drew Weeks,0,1,2,2,1,1,1,0
Duanel Jones,1,1,1,0,0,0,0,0
Dustin Biell,0,1,1,1,1,1,1,0
Dustin Garneau,1,2,1,1,2,2,2,0
Dustin Lawley,2,1,1,1,1,1,1,0
Dustin Peterson,2,0,1,0,0,1,0,0
Dusty Coleman,0,1,0,1,1,1,1,0
Dusty Ryan,0,2,0,1,1,1,1,0
Dwight Smith Jr.,1,1,1,1,1,1,1,0
Dylan Carlson,1,1,0,1,1,1,1,0
Dylan Cozens,2,1,0,1,1,1,1,0
Dylan Moore,1,2,1,1,2,1,1,0
Eddie Prasch,0,1,0,1,1,1,1,0
Eddie Rosario,1,1,1,2,1,2,2,1
Eddy Alvarez,0,2,1,1,2,1,2,0
Eddy Hernandez,1,1,0,1,0,1,1,0
Eddy Martinez,1,1,1,1,1,1,1,0
Edgar Duran,1,0,1,0,0,0,0,0
Edgar Lara,0,1,0,1,1,1,1,0
Edgardo Baez,0,1,1,1,1,1,1,0
Edilio Colina,1,1,2,2,1,1,1,0
Edinson Rincon,2,1,1,1,1,1,1,0
Edmundo Sosa,0,0,1,1,1,1,1,0
Eduard Pinto,0,1,2,1,1,1,1,0
Eduardo Escobar,1,1,1,1,1,0,0,1
Eduardo Perez,1,1,1,2,1,2,2,0
Edward Olivares,1,0,1,1,1,2,2,0
Edward Ovalle,1,0,1,1,1,1,1,0
Edward Salcedo,2,1,1,1,1,1,1,0
Edwin Espinal,1,0,2,1,1,1,1,0
Edwin Lora,1,1,0,0,0,1,1,0
Efren Navarro,0,1,1,1,1,1,1,1
Ehire Adrianza,1,1,1,1,1,0,1,1
Eli Iorg,1,1,1,1,1,1,1,0
Eli Tintor,1,0,1,1,1,1,1,0
Elier Hernandez,1,0,1,1,0,1,1,0
Elier Leyva,1,1,1,1,1,0,0,0
Eliezer Alvarez,1,1,1,2,2,2,2,0
Eliezer Mesa,1,1,1,2,1,1,1,0
Elijah Rumler,1,1,1,0,1,0,0,0
Elmer Reyes,1,0,1,1,0,1,1,0
Eloy Jimenez,1,0,1,2,2,2,2,0
Elvin Polanco,1,0,1,1,0,0,0,0
Elvis Andrus,1,1,1,1,1,1,1,1
Elvis Escobar,1,0,1,2,1,1,1,0
Elvis Rubio,1,1,1,1,1,0,0,0
Emilio Guerrero,0,1,1,1,1,1,1,0
Emilio King,0,0,1,2,1,1,1,0
Emmanuel Burriss,0,1,2,2,2,1,1,0
Emmanuel Marrero,1,1,1,1,1,0,0,0
Emmanuel Rivera,1,1,1,2,1,2,2,0
Emmanuel Tapia,1,1,0,0,0,1,1,0
Ender Inciarte,1,1,2,1,1,1,1,1
Engel Beltre,2,0,1,1,1,1,1,0
Engelb Vielma,1,1,1,1,1,0,0,0
Eric Aguilera,1,1,1,2,1,1,1,0
Eric Avila,1,1,2,0,0,0,0,0
Eric Campbell,1,1,1,1,1,1,1,0
Eric Eiland,0,2,1,0,1,0,0,0
Eric Eymann,1,1,1,1,1,1,1,0
Eric Farris,1,0,2,2,1,1,1,0
Eric Fryer,1,1,1,2,2,2,2,1
Eric Gutierrez,0,1,2,1,1,1,1,0
Eric Haase,1,1,0,1,1,1,1,0
Eric Jenkins,2,1,0,0,0,0,0,0
Eric King,1,1,2,1,1,0,0,0
Eric Marinez,1,1,1,1,1,1,1,0
Eric Taylor,1,1,1,1,1,1,1,0
Eric Wood,0,1,1,1,1,1,1,0
Eric Young Jr.,2,2,2,2,2,1,1,0
Erich Weiss,2,1,1,1,2,1,1,0
Erick Salcedo,1,1,2,1,0,0,0,0
Erik Gonzalez,0,1,1,1,1,1,1,1
Erik Huber,2,1,2,1,1,1,1,0
Erik Kanaby,1,1,2,1,1,0,1,0
Erik Lis,1,1,1,2,2,2,2,0
Erik Morrison,0,1,1,2,2,2,2,0
Estarlin Martinez,0,1,1,1,1,1,1,0
Estarlyn Morales,1,1,1,1,1,1,1,0
Estevan Florial,0,1,0,2,2,2,2,0
Eudor Garcia,1,0,1,2,1,1,1,0
Eudy Pina,1,1,1,0,1,1,1,0
Eugenio Suarez,2,1,1,1,2,1,1,1
Eugenio Velez,1,1,1,2,2,2,2,0
Eury Perez,1,0,1,2,1,1,1,0
Evan Chambers,1,2,1,1,2,1,1,0
Evan Crawford,1,1,1,1,1,1,1,0
Evan Van Hoosier,1,1,1,1,1,1,1,0
Everett Williams,1,1,0,1,1,1,1,0
Everth Cabrera,2,1,1,1,1,1,1,1
Felix Carrasco,1,2,0,1,1,1,1,0
Felix Munoz,2,1,2,2,2,2,2,0
Felix Sanchez,1,1,1,0,1,0,0,0
Fernando Cruz,0,0,1,0,0,0,0,0
Fernando Pacheco,0,1,1,1,1,1,1,0
Fernando Perez,1,0,1,1,1,2,1,1
Fernando Tatis Jr.,1,2,1,1,2,2,2,0
Fidel Hernandez,0,0,2,1,0,0,0,0
Fidel Pena,2,0,1,1,0,1,1,0
Flint Wipke,1,1,1,1,1,1,1,0
Forrest Wall,1,1,1,1,1,1,1,0
Franchy Cordero,1,1,1,1,0,0,0,0
Francisco Lindor,2,1,2,1,1,1,1,1
Francisco Mejia,1,1,1,1,1,1,1,0
Francisco Pena,0,1,1,1,0,1,0,0
Francisco Plasencia,2,1,1,1,1,1,1,0
Francisco Soriano,1,1,1,1,1,1,1,0
Francisco Sosa,2,1,1,2,2,2,2,0
Frandy De La Rosa,1,1,1,1,1,1,1,0
Frank Martinez,1,1,1,1,1,1,1,0
Frank Pfister,1,0,1,1,1,1,1,0
Frank Schwindel,1,0,1,1,1,2,2,0
Franklin Hernandez,1,0,1,0,0,1,0,0
Franmil Reyes,2,1,1,1,1,1,1,0
Frazier Hall,1,1,1,1,1,1,1,0
Fred Ford,1,1,0,0,0,1,1,0
Freddie Freeman,2,1,1,2,2,2,2,1
Freddy Galvis,1,1,2,1,1,0,0,1
Frederick Parejo,0,1,1,0,1,1,1,0
Gabe Jacobo,1,1,1,1,1,1,1,0
Gabriel Cancel,1,0,1,1,1,2,1,0
Gabriel Guerrero,1,0,1,1,1,1,1,0
Gabriel Lino,0,1,0,0,0,1,1,0
Gabriel Noriega,0,0,0,0,0,0,0,0
Garabez Rosa,1,0,1,1,0,1,0,0
Gareth Morgan,1,1,0,0,1,1,1,0
Garin Cecchini,1,2,1,2,2,1,2,0
Garrett Baker,1,1,1,1,1,1,1,0
Garrett Groce,1,1,1,1,1,1,1,0
Garrett Olson,1,0,1,0,0,0,0,0
Garrett Whitley,1,2,0,1,1,1,1,0
Gavin LaValley,1,1,1,1,1,1,1,0
Gavin Lux,1,1,1,1,1,1,1,0
Geoff Strickland,0,2,1,1,2,2,2,0
Gerard Hall,1,1,1,0,1,0,0,0
Gerardo Parra,1,1,2,2,2,1,1,1
Gerrion Grim,0,0,0,0,0,1,1,0
Geulin Beltre,1,1,1,1,1,1,1,0
Giancarlo Stanton,2,1,0,2,2,2,2,1
Gioskar Amaya,1,1,1,1,1,1,1,0
Giovanny Urshela,1,0,2,1,0,1,0,0
Gleyber Torres,1,1,1,2,1,1,1,0
Glynn Davis,1,1,1,1,1,0,1,0
Gorkys Hernandez,2,1,2,2,1,1,1,0
Gosuke Katoh,1,2,0,0,1,0,1,0
Grant Buckner,1,1,1,1,1,1,1,0
Grant Fink,1,2,0,0,1,1,1,0
Grant Hogue,1,1,2,1,1,0,1,0
Grant Kay,1,1,1,1,1,1,0,0
Grant Massey,1,0,1,1,1,0,0,0
Greg Allen,2,1,2,1,2,1,1,0
Greg Bird,2,2,1,1,2,2,2,0
Greg Buchanan,1,1,2,1,0,0,0,0
Greg Burns,1,1,0,1,1,1,1,0
Greg Dowling,2,1,1,1,1,1,1,0
Greg Folgia,0,1,1,0,1,1,1,0
Greg Golson,1,0,1,0,0,1,0,0
Greg Hopkins,1,0,1,1,0,1,1,0
Greg Miclat,1,1,1,0,1,0,0,0
Greg Pron,1,1,0,1,0,1,0,0
Greg Sexton,1,0,2,2,1,1,1,0
Greg Veloz,1,1,1,1,1,1,1,0
Gregory Lorenzo,1,0,0,1,0,0,0,0
Gregory Polanco,1,1,2,2,2,2,2,1
Gregory Thomson,1,1,1,1,1,1,1,0
Grenny Cumana,0,0,2,2,1,1,1,0
Guillermo Pimentel,0,0,0,1,0,1,1,0
Gus Milner,2,2,1,1,2,1,1,0
Gustavo Nunez,1,0,2,2,1,1,1,0
Habelito Hernandez,1,0,2,1,0,1,1,0
Hainley Statia,1,1,2,2,2,1,1,0
Hak-Ju Lee,2,1,1,1,1,1,1,0
Harold Garcia,1,1,1,2,1,1,1,0
Harold Riggins,0,1,0,2,2,2,2,0
Hector Estrella,0,1,1,2,2,1,1,0
Hector Gomez,2,0,1,1,1,1,1,0
Hector Pellot,1,1,1,0,1,0,1,0
Hector Vargas,1,0,2,0,0,0,0,0
Helder Velazquez,1,0,1,1,0,1,1,0
Henry Alejandro Rodriguez,2,0,2,2,1,2,1,0
Henry Ramos,1,1,1,1,1,1,1,0
Henry Wrigley,1,1,1,1,0,1,1,0
Herlis Rodriguez,1,1,1,2,1,1,1,0
Hernan Perez,2,1,1,1,0,1,0,0
Hilton Richardson,0,1,1,0,0,0,0,0
Hoy Jun Park,1,2,1,0,1,0,1,0
Hudson Potts,1,0,0,1,0,1,1,0
Humberto Arteaga,1,0,1,0,0,0,0,0
Hunter Mense,1,1,1,1,1,1,1,0
Ian Gac,2,1,1,1,1,2,1,0
Ian Sagdal,1,1,1,2,1,2,2,0
Ildemaro Vargas,1,1,2,1,1,1,1,0
Isaac Ballou,1,1,1,1,2,1,1,0
Isaac Galloway,1,0,0,1,0,1,1,0
Isaac Omura,0,1,2,2,1,1,1,0
Isaac Paredes,1,1,2,1,1,1,1,0
Isael Soto,1,1,0,1,1,1,1,0
Isaias Velasquez,1,1,1,1,1,1,1,0
Isan Diaz,2,2,1,1,1,2,2,0
Isiah Gilliam,1,1,1,1,1,2,2,0
Ivan De Jesus Jr.,2,1,1,1,1,0,1,0
J.B. Woodman,1,1,0,1,1,1,1,0
J.C. Rodriguez,1,1,1,1,1,1,1,0
J.D. Martinez,0,1,2,2,2,2,2,1
J.D. Williams,0,1,0,0,1,1,1,0
J.J. Fernandez,1,1,1,0,0,1,1,0
J.P. Ramirez,2,0,1,2,1,2,2,0
J.T. Hall,1,1,1,1,1,1,1,0
J.T. Realmuto,0,1,1,1,1,2,1,1
JT Riddle,1,1,2,1,1,1,1,0
JaCoby Jones,1,1,0,1,1,2,2,0
JaVon Shelby,1,1,0,0,0,0,0,0
Jabari Blash,1,2,0,1,1,1,1,0
Jace Peterson,1,2,2,1,2,1,1,0
Jack Reinheimer,1,1,1,1,1,1,1,0
Jack Suwinski,2,1,0,0,1,1,1,0
Jacob Butler,1,1,0,1,1,1,1,0
Jacob Hannemann,0,1,1,1,1,1,1,0
Jacob Heyward,0,1,0,0,1,1,1,0
Jacob Morris,2,1,0,0,1,1,1,0
Jacob Rogers,1,2,1,1,1,1,1,0
Jacob Scavuzzo,1,1,0,0,0,0,0,0
Jacob Wilson,0,1,2,1,1,2,2,0
Jaff Decker,1,2,1,2,2,2,2,0
Jahmai Jones,0,1,1,1,1,1,1,0
Jaime Pedroza,2,2,0,1,1,1,1,0
Jairo Beras,1,1,0,1,1,1,1,0
Jairo De La Rosa,1,0,0,0,0,0,0,0
Jake Bauers,1,1,1,2,2,1,1,0
Jake Blackwood,1,0,2,1,0,1,0,0
Jake Cave,1,1,1,1,1,1,1,0
Jake Cronenworth,0,2,1,2,2,1,2,0
Jake Elmore,1,2,2,1,1,1,1,0
Jake Gatewood,1,0,0,1,0,1,1,0
Jake Goebbert,2,1,2,2,1,1,1,0
Jake Hager,1,1,2,1,1,1,1,0
Jake Jefferies,1,1,2,1,1,1,1,0
Jake Kuebler,0,1,1,0,0,1,0,0
Jake Marisnick,1,1,1,2,2,2,2,1
Jake Noll,1,0,1,1,1,1,1,0
Jake Ring,1,1,0,1,1,2,1,0
Jake Shaffer,0,0,1,1,1,1,1,0
Jake Skole,1,2,0,1,1,1,1,0
Jake Stewart,1,1,0,0,0,1,1,0
Jalen Miller,1,0,1,0,0,0,0,0
Jamal Austin,1,1,2,1,1,1,1,0
Jamar Walton,0,1,1,1,1,1,1,0
James Baldwin,1,1,0,0,1,1,1,0
James Beresford,1,1,2,2,1,1,1,0
James Guerrero,1,2,2,0,1,0,1,0
James Jones,2,1,1,1,1,1,1,0
James Nelson,1,1,1,2,1,2,1,0
James Ramsay,1,2,1,1,1,1,1,0
James Robbins,1,0,0,1,0,1,1,0
James Simmons,0,1,0,0,0,0,0,0
James Skelton,1,2,2,2,2,1,2,0
James Vasquez,1,1,1,0,0,1,1,0
James Wooster,0,1,1,1,1,1,1,0
Jamie Johnson,2,2,2,1,2,1,1,0
Jamie Romak,1,2,1,1,2,2,2,0
Jamie Westbrook,2,1,1,1,1,1,1,0
Jamodrick McGruder,1,2,1,1,1,1,1,0
Jared Bolden,1,1,1,1,1,0,0,0
Jared Clark,1,2,1,2,2,2,2,0
Jared Keel,0,2,1,1,2,2,2,0
Jared Prince,1,1,2,1,2,1,1,0
Jared Reaves,1,1,1,1,1,1,1,0
Jared Simon,1,1,1,1,1,1,1,0
Jared Walsh,1,1,1,2,1,1,1,0
Jarek Cunningham,2,1,1,1,1,1,1,0
Jase Turner,0,1,0,0,0,1,0,0
Jason Christian,0,1,1,1,1,1,1,0
Jason Coats,2,1,1,1,1,1,1,0
Jason Delaney,1,1,1,2,2,1,2,0
Jason Denham,1,1,1,1,1,1,1,0
Jason Esposito,1,0,1,0,0,0,0,0
Jason Hagerty,2,2,1,2,2,2,2,0
Jason Heyward,1,1,1,2,2,2,2,1
Jason King,0,1,2,1,1,1,1,0
Jason Krizan,1,2,2,1,1,1,1,0
Jason Martin,1,1,1,1,1,1,1,0
Jason Martinson,1,2,0,1,1,1,1,0
Jason Place,1,1,0,0,0,1,1,0
Jason Taylor,2,2,1,1,2,1,1,0
Jason Van Kooten,0,1,1,1,1,1,1,0
Javier Betancourt,2,0,2,1,1,1,1,0
Javier Castillo,0,1,1,1,1,1,1,0
Javier Guerra,1,1,1,1,1,1,1,0
Javis Diaz,1,1,1,1,1,1,1,0
Jay Austin,1,1,1,1,1,1,1,0
Jay Brossman,1,1,1,1,1,1,1,0
Jay Bruce,1,1,1,2,1,2,2,1
Jay Cox,1,1,1,1,1,1,1,0
Jean Segura,2,1,2,2,1,2,2,1
Jeff Baisley,2,1,1,2,2,2,2,0
Jeff Bianchi,0,1,1,1,0,0,0,0
Jeff Gardner,1,1,1,0,0,1,1,0
Jeff Gelalich,1,1,1,1,1,0,0,0
Jeff Holm,1,1,1,1,1,1,1,0
Jeff Howell,1,1,1,1,1,1,1,0
Jeff Kemp,1,0,1,1,0,1,1,0
Jeff Malm,2,1,1,1,1,1,1,0
Jeff Zimmerman,0,1,1,0,0,1,0,0
Jeffrey Baez,0,1,1,1,1,1,1,0
Jeffrey Cunningham,1,1,0,1,1,2,1,0
Jeffrey Hehr,0,1,1,1,0,1,0,0
Jefry Marte,1,0,1,0,0,1,0,0
Jefry Sierra,0,0,0,0,0,0,0,0
Jeimer Candelario,2,2,1,1,1,1,1,0
Jeramy Laster,1,1,0,1,1,2,2,0
Jeremy Barfield,1,1,1,1,1,1,1,0
Jeremy Barnes,1,2,1,2,2,1,2,0
Jeremy Cruz,1,1,1,1,1,1,1,0
Jeremy Hazelbaker,1,2,0,1,1,2,2,1
Jeremy Hunt,0,1,1,1,1,1,1,0
Jeremy Moore,0,0,0,1,0,2,1,0
Jeremy Rathjen,1,1,1,0,1,1,1,0
Jeremy Rivera,0,0,2,1,1,1,0,0
Jeremy Slayden,1,1,1,2,2,2,2,0
Jeremy Sy,0,2,1,0,1,1,1,0
Jeremy Synan,1,1,1,2,1,2,2,0
Jermaine Mitchell,1,2,1,1,2,1,1,0
Jerrick Suiter,1,1,2,2,2,1,1,0
Jerrud Sabourin,2,1,1,2,2,1,1,0
Jesmuel Valentin,1,1,1,1,1,1,1,0
Jesse Bosnik,0,1,1,1,0,1,1,0
Jesse Wierzbicki,0,1,1,1,1,1,1,0
Jesse Winker,1,2,1,1,2,2,2,1
Jesus Aguilar,0,1,1,2,2,2,2,0
Jesus Arredondo,1,1,2,1,1,1,1,0
Jesus Brito,1,1,0,0,0,1,1,0
Jesus Galindo,0,1,1,1,1,0,1,0
Jesus Lopez,1,1,2,0,1,0,0,0
Jesus Montero,2,1,1,2,2,2,2,0
Jesus Sanchez,1,1,1,2,1,2,2,0
Jesus Solorzano,1,0,1,1,1,1,1,0
Jesus Valdez,2,0,2,2,1,1,1,0
Jeudy Valdez,2,1,1,1,1,1,1,0
Jhalan Jackson,1,1,0,1,1,1,1,0
Jiandido Tromp,1,1,0,0,0,1,0,0
Jim Adduci,1,1,1,2,1,1,1,1
Jim Gallagher,1,0,1,1,1,1,1,0
Jim Murphy,1,2,1,1,2,2,2,0
Jim Negrych,0,1,2,1,1,1,1,0
Jimmy Allen,1,0,1,1,1,1,1,0
Jimmy Cesario,2,1,1,1,1,1,1,0
Jimmy Paredes,2,0,1,1,1,1,1,0
Jimmy Rider,1,2,1,1,2,1,1,0
Jimmy Van Ostrand,0,1,1,1,1,2,2,0
Jimmy Yezzo,1,0,1,1,1,1,1,0
Jio Mier,2,1,1,1,1,0,0,0
Jiwan James,2,1,1,1,1,1,1,0
Joantgel Segovia,1,0,1,0,0,0,0,0
Joe Bennie,2,2,1,1,1,1,1,0
Joe Benson,1,1,1,1,1,1,1,0
Joe DeCarlo,1,2,0,0,1,1,1,0
Joe Dickerson,1,1,1,1,1,1,1,0
Joe Jackson,0,1,1,2,1,1,1,0
Joe Mahoney,0,1,1,1,1,1,1,0
Joe Munoz,0,1,0,1,1,1,1,0
Joe Napoli,1,1,1,1,1,1,1,0
Joe Rizzo,1,2,1,1,1,1,1,0
Joe Sever,1,1,1,1,1,1,1,0
Joe Winker,1,1,1,0,0,1,1,0
Joel Hutter,1,1,1,0,1,1,1,0
Joey Curletta,2,1,1,1,1,1,1,0
Joey Gallo,1,1,0,1,1,2,2,1
Joey Meneses,1,1,1,1,1,1,1,0
Joey Metropoulos,1,2,1,1,2,1,1,0
Joey Pankake,1,1,1,1,1,1,1,0
Joey Rickard,2,2,1,1,2,1,1,0
Joey Side,2,1,2,2,2,1,1,0
Joey Wong,0,1,1,1,1,1,1,0
Johan Camargo,1,1,2,1,1,0,1,1
Johermyn Chavez,1,1,0,1,1,1,1,0
John Matulia,1,1,1,1,1,1,1,0
John Mayberry Jr.,2,1,1,1,1,2,2,0
John Mora,1,2,1,1,2,1,1,0
John Norwood,1,1,1,0,1,1,1,0
John Raynor,1,2,1,2,2,2,2,0
John Sansone,1,1,0,0,1,1,1,0
John Schuknecht,0,1,0,0,0,0,0,0
John Shelby,2,1,1,2,1,2,2,0
John Tolisano,1,1,1,0,1,1,1,0
John Urick,1,2,1,1,2,1,1,0
John Whittleman,1,2,1,1,1,1,1,0
John Wooten,2,1,1,1,1,1,1,0
Johneshwy Fargas,1,1,1,1,1,1,1,0
Johnny Davis,1,1,1,1,1,0,0,0
Jon Garcia,1,1,0,0,0,1,1,0
Jon Gilmore,2,1,1,1,1,1,1,0
Jon Mark Owings,1,1,1,1,1,1,1,0
Jon Singleton,1,2,1,2,2,2,2,0
Jon Still,1,2,1,2,2,2,2,0
Jon Waltenbury,1,1,1,1,1,0,0,0
Jonah Arenado,2,0,1,1,0,1,1,0
Jonathan Diaz,1,2,2,1,2,1,1,0
Jonathan Fulton,1,0,0,1,1,1,1,0
Jonathan Galvez,1,2,0,1,1,1,1,0
Jonathan Greene,2,1,1,1,1,1,1,0
Jonathan Johnson,1,2,2,1,2,1,1,0
Jonathan Meyer,1,1,1,1,1,0,0,0
Jonathan Morales,1,0,2,1,1,1,1,0
Jonathan Rodriguez,1,2,1,1,2,2,2,0
Jonathan Villar,1,1,1,1,1,1,1,1
Jonel Pacheco,1,1,1,1,1,2,2,0
Jordan Akins,1,0,0,0,0,0,0,0
Jordan Edgerton,1,1,1,1,0,0,0,0
Jordan Lennerton,1,2,1,1,2,1,1,0
Jordan Luplow,1,2,1,1,1,2,2,0
Jordan Newton,0,0,1,1,1,1,1,0
Jordan Pacheco,1,1,2,2,2,2,2,0
Jordan Parraz,1,1,1,1,1,1,1,0
Jordan Patterson,2,1,1,1,1,1,1,0
Jordan Renz,1,1,0,0,0,1,1,0
Jordan Schafer,1,1,1,1,0,1,1,0
Jordan Scott,1,2,1,1,1,0,0,0
Jordan Serena,1,1,1,1,1,0,1,0
Jordan Smith,1,1,2,2,1,2,2,0
Jordan Walton,1,1,1,1,1,1,1,0
Jorge Alfaro,1,1,0,1,1,1,1,1
Jorge Bonifacio,1,1,1,1,1,1,1,1
Jorge Martinez,0,1,0,0,0,0,0,0
Jorge Mateo,0,1,1,1,1,1,1,0
Jorge Ona,1,1,1,1,1,1,1,0
Jorge Polanco,1,1,2,2,1,1,2,1
Jose Altuve,1,1,2,2,1,1,1,1
Jose Azocar,2,0,1,1,1,1,1,0
Jose Bonilla,0,1,1,0,0,0,0,0
Jose Brizuela,1,1,1,1,1,1,1,0
Jose Cardona,1,1,2,1,1,1,1,0
Jose Castro,1,0,2,0,0,0,0,0
Jose Cuevas,0,1,1,0,0,0,0,0
Jose Duarte,1,1,1,1,1,1,1,0
Jose Garcia,0,1,1,1,1,1,1,0
Jose Hernandez,1,2,1,1,2,1,1,0
Jose Jimenez,0,1,1,1,1,1,1,0
Jose Marmolejos,1,1,1,2,1,2,2,0
Jose Mojica,1,1,1,1,1,1,1,0
Jose Osuna,1,1,1,1,1,2,1,0
Jose Pena,1,1,1,0,0,1,0,0
Jose Peraza,1,1,2,1,1,1,1,0
Jose Pineda,2,2,1,1,1,1,1,0
Jose Pirela,1,1,1,2,1,1,1,1
Jose Pujols,2,1,0,1,1,1,1,0
Jose Siri,2,1,1,2,1,2,2,0
Jose Torres,0,1,2,1,1,0,0,0
Jose Trevino,1,0,2,1,0,1,1,0
Jose Vallejo,2,1,1,1,1,0,0,0
Jose Vinicio,1,0,0,0,0,0,0,0
Joseph Daris,1,1,1,1,1,1,1,0
Joseph Dunigan,1,1,0,1,1,1,1,0
Joseph Monge,0,0,1,1,0,1,0,0
Joseph Nowicki,2,1,0,1,1,2,2,0
Joseph Rapp,0,0,0,1,1,1,1,0
Joseph Tucker,0,0,2,1,1,1,1,0
Josh Adams,2,1,1,1,1,1,1,0
Josh Bell,1,1,1,1,1,2,2,0
Josh Bell,1,1,1,1,1,2,2,0
Josh Flores,1,1,1,1,1,1,1,0
Josh Fuentes,0,1,1,1,1,1,1,0
Josh Johnson,1,2,1,1,2,0,1,0
Josh Lowe,1,1,0,1,1,1,1,0
Josh Mazzola,1,1,1,1,1,1,1,0
Josh Morgan,1,1,2,1,2,1,1,0
Josh Ockimey,1,2,0,0,1,1,1,0
Josh Reddick,0,1,2,2,1,2,2,1
Josh Richmond,1,1,1,1,1,1,1,0
Josh Satin,1,2,1,1,2,1,1,1
Josh Thole,1,2,2,1,2,0,1,0
Josh Tobias,1,1,1,2,2,1,2,0
Josh VanMeter,1,1,1,1,1,1,1,0
Josh Whitaker,1,1,1,2,2,2,2,0
Joshua Palacios,1,1,1,1,1,1,1,0
Josmar Cordero,1,0,1,1,0,1,1,0
Josmil Pinto,0,1,1,0,0,1,1,1
Josue Calzado,1,0,1,1,1,1,1,0
Jovan Rosa,2,1,1,2,1,1,1,0
Jovanny Rosario,1,1,1,1,1,1,1,0
Juan Ciriaco,0,0,1,1,1,1,1,0
Juan Diaz,1,1,1,0,0,0,0,0
Juan Duran,0,1,0,1,1,2,1,0
Juan Francisco,2,0,0,1,1,2,1,0
Juan Herrera,1,1,2,1,1,1,1,0
Juan Kelly,2,1,1,1,1,1,1,0
Juan Perez,1,1,1,1,1,1,1,1
Juan Sanchez,1,0,1,1,1,0,0,0
Juan Silva,1,2,1,1,2,1,1,0
Juan Valdes,0,2,1,0,1,0,1,0
Juan Yepez,1,1,1,1,1,1,1,0
Julian Williams,0,2,1,1,2,0,1,0
Julio Cedeno,0,1,1,1,1,1,1,0
Julio Perez,1,0,1,1,1,1,1,0
Juniel Querecuto,0,1,1,1,1,0,1,0
Junior Arias,0,0,1,0,0,0,0,0
Junior Lake,1,0,0,1,0,1,1,0
Jurickson Profar,1,2,2,1,2,2,2,0
Justin Atkinson,1,1,1,0,0,0,0,0
Justin Bass,1,1,1,1,1,1,1,0
Justin Baum,1,1,1,1,1,1,1,0
Justin Bloxom,1,1,1,2,1,2,2,0
Justin Bour,2,1,1,2,2,1,2,1
Justin Chigbogu,0,1,0,0,0,1,1,0
Justin Ellison,1,1,1,1,1,1,1,0
Justin Gominsky,0,1,1,1,1,0,0,0
Justin Henry,2,1,2,2,1,1,1,0
Justin Higley,1,1,0,1,1,1,1,0
Justin Howard,2,2,1,1,2,1,1,0
Justin Jackson,1,2,0,1,1,1,1,0
Justin Justice,1,1,1,2,1,1,1,0
Justin McClanahan,1,1,0,1,1,1,1,0
Justin Miller,1,1,1,1,1,1,1,0
Justin O'Conner,1,1,1,0,0,1,1,0
Justin Parker,0,2,1,1,1,1,1,0
Justin Reed,1,1,0,1,1,1,1,0
Justin Seager,1,1,1,1,1,0,0,0
Justin Sellers,1,2,2,1,1,1,1,1
Justin Snyder,2,2,1,1,2,1,1,0
Justin Trapp,1,1,1,1,1,1,1,0
Justin Turner,1,1,2,2,2,1,2,1
Justin Twine,1,0,0,0,0,0,0,0
Justin Upton,1,1,1,1,1,1,1,1
Justin Williams,0,0,1,1,1,1,1,0
K.C. Herren,1,2,1,1,1,1,1,0
K.C. Hobson,2,1,1,1,1,1,1,0
K.J. Woods,1,1,0,1,1,2,2,0
Kale Kiser,1,1,1,0,1,0,0,0
Karexon Sanchez,1,1,1,1,1,1,1,0
Kean Wong,1,1,1,2,1,1,1,0
Keanon Simon,0,1,1,1,1,0,0,0
Kel Jones,1,1,1,1,1,1,1,0
Kelby Tomlinson,1,1,1,0,1,0,0,1
Kellen Sweeney,0,1,1,0,0,0,0,0
Kelly Dugan,1,1,1,2,2,2,2,0
Kelvin Beltre,1,1,1,1,1,1,1,0
Kelvin Castro,1,1,1,0,0,0,0,0
Kelvin De Leon,1,1,0,0,0,1,1,0
Kelvin Gutierrez,1,1,1,2,1,1,1,0
Kenny Holmberg,1,2,1,1,2,1,2,0
Kenny Wilson,0,1,1,0,1,0,1,0
Kent Sakamoto,1,1,1,1,1,1,1,0
Keon Broxton,2,1,0,0,1,1,1,1
Ketel Marte,0,0,2,2,1,1,1,1
Keury De La Cruz,1,0,1,2,1,2,2,0
Kevan Smith,0,1,1,1,1,1,1,0
Kevin Ahrens,1,1,0,1,1,1,1,0
Kevin Clark,1,2,0,1,1,2,1,0
Kevin Coddington,0,1,1,1,1,1,1,0
Kevin Josephina,1,0,1,1,0,0,0,0
Kevin Kiermaier,1,1,1,1,1,1,1,1
Kevin Mattison,0,1,1,1,1,1,1,0
Kevin Moesquit,1,1,1,1,1,0,0,0
Kevin Padlo,1,2,0,0,1,1,1,0
Kevin Patterson,1,1,0,0,1,1,1,0
Kevin Pillar,0,1,2,2,2,1,2,1
Kevonte Mitchell,1,1,1,1,1,1,1,0
Khalil Lee,2,2,0,1,1,1,1,0
Khris Davis,2,2,1,1,2,2,2,1
Kiel Roling,0,1,1,2,2,2,2,0
Kieron Pope,1,0,0,0,1,1,1,0
Koby Clemens,1,1,1,1,1,1,1,0
Kodie Tidwell,0,2,1,1,1,1,1,0
Kody Eaves,2,0,1,1,1,1,1,0
Kody Hinze,2,2,1,1,2,2,2,0
Kody Kaiser,1,1,0,1,1,1,1,0
Kris Harvey,0,1,1,1,0,1,1,0
Kristian Brito,1,1,0,0,0,0,0,0
Kristian Trompiz,1,0,1,1,0,1,1,0
Kristopher Negron,1,1,1,0,1,0,0,1
Kuo Hui Lo,0,1,1,1,2,1,1,0
Kurt Hoekstra,1,1,1,1,1,1,1,0
Kurt Mertins,1,1,1,1,1,1,1,0
Kyle Anson,0,2,2,1,1,1,1,0
Kyle Barrett,0,1,1,1,1,1,1,0
Kyle Colligan,0,1,1,1,1,1,1,0
Kyle Gaedele,1,1,1,1,1,1,1,0
Kyle Hudson,1,1,1,1,1,0,1,0
Kyle Jensen,1,1,1,1,1,1,1,0
Kyle Kubitza,2,2,1,1,1,1,1,0
Kyle Nowlin,1,2,0,1,1,1,1,0
Kyle Parker,1,1,0,1,1,2,2,0
Kyle Peter,1,2,1,1,1,0,1,0
Kyle Russell,2,2,0,1,2,2,2,0
Kyle Skipworth,1,1,0,1,1,1,1,0
Kyle Smith,0,1,1,1,1,0,0,0
Kyle Tucker,1,1,1,1,1,1,1,0
Kyle Waldrop,1,1,1,1,1,1,1,0
Kyler Burke,2,2,1,2,2,2,2,0
Kyri Washington,1,1,0,1,1,2,1,0
L.J. Hoes,1,0,1,1,1,0,0,0
Lance Durham,1,2,0,1,1,1,1,0
Lance Ray,2,1,1,1,1,1,1,0
Lance Zawadzki,1,1,1,1,1,1,1,0
Larry Cobb,1,1,1,1,1,1,1,0
Larry Greene,1,2,0,0,1,0,0,0
Lars Anderson,2,2,1,1,2,1,2,0
Leandro Castro,2,1,1,1,1,1,1,0
Lee Cruz,1,0,2,1,1,1,1,0
Lee Haydel,2,1,1,2,1,1,1,0
Leighton Pangilinan,1,1,0,0,1,1,1,0
Leivi Ventura,1,1,1,1,1,1,1,0
Leo Castillo,1,0,1,0,0,0,0,0
Leobaldo Pina,0,1,1,1,1,1,1,0
Leody Taveras,2,1,1,1,1,1,1,0
Leon Landry,2,1,2,1,1,1,1,0
Leonard Davis,0,1,1,2,1,2,2,0
Leonardo Gil,1,0,1,1,0,1,1,0
Leonardo Reginatto,1,1,2,2,2,1,1,0
Leury Garcia,0,1,1,1,1,0,0,0
Lewin Diaz,1,0,1,2,1,1,1,0
Lewis Brinson,1,1,0,1,1,1,1,0
Leyson Septimo,2,1,1,1,1,1,1,0
Li-Jen Chu,1,1,1,1,1,1,1,0
Logan Landon,1,1,0,1,1,1,1,0
Logan Morrison,1,1,1,1,1,2,2,1
Logan Parker,1,2,1,1,1,1,1,0
Logan Sorensen,0,1,2,1,1,0,1,0
Logan Taylor,1,2,1,1,1,1,1,0
Logan Vick,1,2,1,1,2,1,2,0
Logan Watkins,1,1,1,1,1,1,1,0
Lorenzo Cain,2,1,1,2,2,1,1,1
Lorenzo Cedrola,0,0,2,1,1,1,1,0
Lorenzo Scott,1,2,0,1,1,1,1,0
Lou Marson,0,2,1,1,1,1,1,1
Louie Lechich,2,1,1,1,1,1,1,0
Lucas Herbert,1,1,1,1,1,1,1,0
Lucas Herbst,1,0,1,1,1,1,1,0
Lucas May,1,1,0,1,1,2,2,0
Luigi Rodriguez,1,1,1,1,1,1,1,0
Luis Alejandro Basabe,1,2,1,1,2,1,1,0
Luis Alexander Basabe,1,1,0,1,1,1,1,0
Luis Arraez,1,1,2,2,2,1,2,0
Luis Aviles,1,1,0,1,0,1,1,0
Luis Ayala,1,1,1,1,1,1,1,0
Luis Baez,1,0,1,1,0,1,0,0
Luis Carpio,2,1,1,0,1,0,0,0
Luis Castillo,1,1,2,1,1,1,1,1
Luis Domoromo,1,1,1,1,1,1,1,0
Luis Durango,0,2,2,2,2,1,1,0
Luis Gonzalez,1,0,1,1,0,0,0,0
Luis Guillorme,1,1,2,2,2,1,1,0
Luis Liberato,1,1,1,1,1,1,1,0
Luis Marte,1,0,1,0,0,0,0,0
Luis Mateo,1,1,1,1,1,1,1,0
Luis Nunez,1,0,1,1,1,0,1,0
Luis Pintor,1,1,2,1,1,0,0,0
Luis Rengifo,2,1,1,1,1,1,1,0
Luis Sardinas,0,1,2,2,1,1,1,0
Luis Silverio,1,1,1,1,1,1,1,0
Luis Sumoza,1,1,1,1,1,1,1,0
Luis Tejada,1,0,1,0,0,0,0,0
Luke Anders,2,1,0,1,1,1,1,0
Luke Maile,0,1,2,1,1,1,1,0
Luke Murton,1,1,1,1,1,2,2,0
Luke Persico,1,1,1,1,1,1,1,0
Luke Tendler,1,1,1,1,1,1,1,0
Luke Wakamatsu,1,1,1,1,1,1,1,0
Luke Williams,1,1,1,0,0,0,0,0
Magneuris Sierra,2,0,1,2,1,1,1,0
Maikel Franco,2,1,1,1,1,1,1,0
Maikis De La Cruz,0,1,1,1,1,1,1,0
Maiko Loyola,2,1,1,1,1,1,1,0
Malcolm Holland,1,2,1,0,1,0,0,0
Mallex Smith,1,2,1,1,1,1,1,1
Manny Jefferson,1,1,1,0,0,0,0,0
Manny Olloque,0,1,1,1,1,1,1,0
Manuel Margot,0,1,2,1,1,1,1,1
Manuel Melendez,1,0,1,1,0,1,1,0
Manuel Rodriguez,1,0,0,1,0,1,1,0
Marcell Ozuna,2,1,1,1,1,2,2,1
Marco Hernandez,1,0,1,1,0,1,0,0
Marcos Cabral,1,1,1,1,2,1,1,0
Marcos Vechionacci,1,2,2,1,1,1,1,0
Marcus Knecht,1,2,1,1,2,2,2,0
Marcus Lemon,2,1,1,1,1,1,1,0
Marcus Mooney,1,0,2,1,1,0,0,0
Marcus Wilson,1,2,1,2,2,1,2,0
Mario Feliciano,1,1,1,1,1,0,1,0
Mario Lisson,2,2,1,1,2,1,1,0
Mario Martinez,1,0,1,1,0,1,1,0
Mark Canha,1,2,1,1,2,2,2,0
Mark Dolenc,1,1,0,1,1,1,1,0
Mark Fleisher,1,1,1,1,1,1,1,0
Mark Fleury,1,2,1,1,1,1,1,0
Mark Haddow,1,1,1,2,2,1,2,0
Mark Ori,1,1,1,1,1,1,1,0
Mark Reed,0,1,1,1,1,0,0,0
Mark Sobolewski,0,1,1,1,1,1,1,0
Mark Thomas,0,1,1,1,1,1,1,0
Mark Thompson,1,1,1,1,1,1,1,0
Mark Trumbo,1,1,1,1,1,1,1,1
Mark Wagner,0,1,2,2,2,2,2,0
Markus Brisker,0,2,0,0,1,1,1,0
Marten Gasparini,1,1,0,0,0,0,0,0
Marty Gantt,1,1,1,1,1,1,1,0
Marty Herum,2,0,2,2,1,1,1,0
Mason Davis,0,0,1,1,1,1,1,0
Mason Robbins,1,0,1,1,0,1,1,0
Mat Gamel,2,1,1,1,1,2,2,0
Matt Adams,1,1,1,2,1,2,2,1
Matt Angle,2,2,1,1,2,1,1,0
Matt Berezay,1,1,1,1,1,2,2,0
Matt Cerda,2,2,2,1,1,1,1,0
Matt Cusick,0,1,2,1,1,2,2,0
Matt Davidson,1,1,1,1,2,2,2,0
Matt Dean,1,1,1,1,1,1,1,0
Matt Dominguez,0,1,1,2,1,2,2,0
Matt Duffy,2,1,1,1,2,1,2,1
Matt Fields,0,0,0,1,0,2,1,0
Matt Helm,2,1,1,1,1,1,1,0
Matt Joyce,1,1,2,1,1,1,1,1
Matt Juengel,1,1,2,1,1,1,1,0
Matt Lawson,0,1,1,1,1,1,1,0
Matt Lipka,2,1,1,1,1,0,0,0
Matt Long,2,1,2,2,2,1,2,0
Matt McBride,1,1,2,1,1,1,1,0
Matt Olson,2,2,0,0,1,1,1,1
Matt Ray,1,1,1,1,1,0,1,0
Matt Rizzotti,1,2,1,1,2,1,1,0
Matt Skole,1,2,0,1,2,2,2,0
Matt Smith,1,1,1,1,1,1,1,0
Matt Tellor,0,1,0,1,0,1,0,0
Matt Wallach,0,1,1,1,1,1,1,0
Matt Weaver,0,0,1,1,1,1,1,0
Matt Wessinger,1,1,1,1,1,1,1,0
Matt West,1,1,0,0,1,1,1,0
Matt Weston,1,1,1,1,1,1,1,0
Matt Williams,2,1,1,1,1,1,1,0
Matt Winn,0,1,0,0,1,1,1,0
Matthew Brown,1,1,2,2,1,1,1,0
Matthew Crawford,2,1,1,1,1,1,1,0
Matthew Fornasiere,0,2,1,1,1,0,1,0
Matthew Lane,0,1,1,1,1,1,1,0
Matthew Oxendine,0,1,1,1,1,1,1,0
Matthew Sweeney,1,1,1,1,1,2,1,0
Mauricio Ramos,1,0,1,1,1,1,1,0
Mauro Gomez,2,0,1,1,1,1,1,0
Max George,1,1,1,1,1,1,1,0
Max Kuhn,2,1,1,1,1,1,1,0
Max McDowell,0,1,1,1,1,1,1,0
Max Moroff,1,2,1,0,1,1,1,1
Max Murphy,0,1,1,0,1,1,1,0
Max Ramirez,1,2,1,2,2,2,2,0
Max Stassi,1,1,0,0,1,1,1,0
Max Walla,0,1,0,0,1,1,1,0
Max White,0,1,0,0,1,1,1,0
Maximo Mendez,1,1,0,1,1,1,1,0
Maxx Tissenbaum,1,1,2,1,1,1,1,0
Meibrys Viloria,0,1,1,1,1,1,1,0
Mel Rojas Jr.,2,1,1,1,1,1,1,0
Melky Mesa,2,1,0,0,1,1,1,0
Melvin Mercedes,1,1,1,0,1,0,0,0
Michael A. Taylor,1,1,1,1,1,1,1,0
Michael Ahmed,1,2,1,1,1,1,1,0
Michael Almanzar,2,1,1,1,0,1,1,0
Michael Antonio,1,1,1,0,0,0,0,0
Michael Beltre,1,1,1,1,1,0,1,0
Michael Brantley,1,2,2,2,2,1,1,1
Michael Burgess,1,1,0,1,1,2,1,0
Michael Chavis,1,1,0,0,0,1,1,0
Michael Crouse,1,1,0,1,1,2,2,0
Michael DeJesus,1,2,2,1,1,0,1,0
Michael Durant,1,2,0,0,1,1,1,0
Michael Fisher,1,1,1,1,1,1,1,0
Michael Garza,1,0,1,1,1,1,1,0
Michael Gettys,1,0,0,0,0,1,0,0
Michael Griffin,2,0,1,1,1,1,1,0
Michael Harrington,0,1,1,0,0,1,0,0
Michael Hollander,0,1,1,1,1,0,0,0
Michael Hollimon,2,2,1,1,2,2,2,0
Michael Marseco,1,1,1,0,0,0,0,0
Michael Martinez,1,1,1,1,1,0,0,0
Michael Massaro,2,1,1,1,1,0,1,0
Michael McCormick,1,1,1,0,0,1,1,0
Michael McKennon,0,0,1,1,0,1,1,0
Michael McKenry,1,2,1,1,2,2,2,1
Michael Mee,0,2,2,2,2,1,1,0
Michael Mitchell,2,1,1,2,1,1,1,0
Michael O'Neill,2,1,1,1,1,1,1,0
Michael Ortiz,0,1,1,0,0,1,0,0
Michael Perez,0,2,1,1,1,1,1,0
Michael Ratterree,2,2,0,1,1,1,1,0
Michael Reed,2,2,1,1,2,1,1,0
Michael Richard,0,1,2,1,2,1,1,0
Michael Rockett,0,0,1,1,0,1,0,0
Michael Russell,1,1,2,2,2,1,2,0
Michael Saunders,1,1,1,1,1,1,1,1
Michael Sheridan,1,0,2,1,0,1,1,0
Michael Suchy,1,1,1,1,1,1,1,0
Michael Swinson,0,2,1,1,1,0,1,0
Michael Thompson,1,0,1,0,0,1,1,0
Micker Adolfo,1,1,0,1,1,2,1,0
Mickey Moniak,1,1,1,1,0,1,0,0
Mickey Wiswall,2,0,1,1,0,1,0,0
Miguel Abreu,1,0,2,1,0,1,1,0
Miguel Andujar,1,1,1,1,1,1,1,0
Miguel Mercedes,1,1,0,0,0,1,1,0
Miguel Rojas,1,1,2,1,1,1,1,1
Miguel Sano,2,2,0,1,2,2,2,1
Miguel Vega,1,0,0,1,0,1,1,0
Mike Baxter,1,1,2,1,1,1,1,0
Mike Bell,1,1,1,1,1,2,1,0
Mike Conroy,1,1,0,0,0,1,1,0
Mike Fish,1,1,1,1,1,1,1,0
Mike Ford,0,2,2,1,2,1,2,0
Mike Gerber,2,1,1,2,1,2,2,0
Mike Gilmartin,1,1,1,1,1,1,1,0
Mike Gonzales,1,1,1,1,1,2,1,0
Mike Grace,1,1,1,1,1,1,1,0
Mike Hernandez,0,0,1,1,1,2,1,0
Mike Kvasnicka,2,1,1,1,1,1,1,0
Mike Marjama,0,0,1,1,1,1,1,0
Mike McBryde,1,1,1,1,1,1,1,0
Mike McDade,1,1,1,1,1,2,1,0
Mike Meyers,0,1,0,2,1,1,1,0
Mike Mooney,2,1,1,1,1,1,1,0
Mike Moustakas,2,1,1,1,1,2,1,1
Mike Ohlman,1,1,1,0,1,0,0,0
Mike Paulk,1,1,1,1,1,1,1,0
Mike Planeta,1,0,1,0,0,0,0,0
Mike Walker,1,2,0,1,2,2,2,0
Miles Mastrobuoni,1,2,1,1,1,1,1,0
Milton Ramos,0,1,1,0,0,0,0,0
Mitch Delfino,1,1,1,1,1,1,1,0
Mitch Dening,1,1,1,1,1,1,1,0
Mitch Einertson,1,1,1,0,0,1,0,0
Mitch Garver,1,2,2,2,2,2,2,0
Mitch Hilligoss,2,1,2,2,1,1,1,0
Mitch Moreland,2,1,2,2,2,2,2,1
Mitch Nay,1,1,1,1,1,1,1,0
Mitch Roman,2,1,1,1,1,0,0,0
Mitch Walding,1,1,0,0,1,0,1,0
Mitchell Gunsolus,1,2,0,0,1,0,1,0
Mitchell Tolman,1,2,2,1,2,1,1,0
Moises Sierra,1,0,1,1,0,1,1,0
Mychal Givens,0,1,2,1,1,0,0,0
Mylz Jones,2,0,1,1,1,1,1,0
Myrio Richard,0,1,1,1,1,1,1,0
Narciso Crook,0,0,0,1,0,1,1,0
Nash Knight,0,2,1,1,1,1,1,0
Natanael Delgado,1,0,1,1,0,1,0,0
Nate Freiman,2,1,1,2,2,2,2,0
Nate Hanson,0,1,1,1,1,1,1,0
Nate Recknagel,0,2,1,1,2,2,2,0
Nate Samson,2,1,2,2,1,1,1,0
Nate Tenbrink,1,1,1,1,1,1,1,0
Nathan Lukes,0,1,1,2,2,2,2,0
Ned Yost IV,0,1,1,1,1,1,1,0
Neil Walton,1,1,0,0,0,0,0,0
Nellie Rodriguez,2,1,0,1,1,2,2,0
Nelson Molina,0,1,2,2,2,1,1,0
Nelson Perez,1,0,0,1,0,1,1,0
Nevin Ashley,1,1,1,1,1,1,1,0
Nicholas Moresi,1,1,1,1,1,1,1,0
Nicholas Schwaner,1,0,1,0,0,1,0,0
Nick Banks,1,1,1,1,1,1,1,0
Nick Bartolone,0,1,1,0,0,0,0,0
Nick Buss,1,0,1,1,0,1,1,0
Nick Castellanos,2,1,1,2,1,1,1,0
Nick Ciolli,1,0,0,2,1,1,1,0
Nick Evans,2,1,1,1,1,1,1,0
Nick Francis,1,1,0,1,1,2,1,0
Nick Franklin,2,1,1,1,1,2,2,0
Nick Gordon,2,1,1,1,1,1,1,0
Nick Liles,2,1,2,2,1,1,1,0
Nick Longhi,1,1,1,1,1,1,1,0
Nick Longmire,0,1,1,1,1,1,1,0
Nick Martini,1,1,2,1,1,1,1,0
Nick Noonan,2,0,1,1,1,1,1,0
Nick Ramirez,1,1,0,1,0,1,1,0
Nick Shaw,2,2,1,1,2,1,1,0
Nick Tanielu,1,1,2,2,1,1,1,0
Nick Thompson,1,1,1,1,1,1,1,0
Nick Weglarz,2,2,1,1,2,2,2,0
Nick Williams,0,0,0,2,1,2,2,1
Nick Zammarelli III,1,1,1,1,1,1,1,0
Nicky Delmonico,0,2,1,1,1,1,1,0
Nik Balog,0,0,1,1,1,1,1,0
Niko Goodrum,1,2,1,1,1,1,1,0
Nino Leyja,1,1,1,1,1,1,1,0
Niuman Romero,1,1,1,0,1,0,0,0
Noah Perio,1,0,2,2,1,1,1,0
Nolan Arenado,0,0,2,2,1,2,2,1
Nomar Mazara,1,1,1,1,1,1,1,1
O'Koyea Dickson,1,1,1,1,1,2,2,0
Odubel Herrera,1,0,1,2,1,1,1,1
Ofilio Castro,2,1,2,1,1,1,1,0
Oliver Dominguez,0,2,1,0,1,0,1,0
Oliver Zapata,1,1,1,0,1,0,0,0
Omar Carrizales,1,1,1,1,1,1,1,0
Omar Estevez,1,0,1,1,0,1,1,0
Omar Garcia,1,1,1,1,1,0,1,0
Omar Luna,0,0,2,1,0,0,0,0
Omar Obregon,1,1,2,1,1,0,1,0
Oneil Cruz,1,1,0,1,0,1,1,0
Orlando Arcia,1,1,2,1,1,1,1,0
Orlando Sandoval,0,1,0,1,1,1,1,0
Oscar Hernandez,0,1,1,1,1,1,1,0
Oscar Mercado,1,0,2,1,0,1,0,0
Oscar Tejeda,0,1,1,1,1,1,1,0
Osvaldo Abreu,1,1,1,1,1,1,1,0
Osvaldo Morales,0,1,0,0,0,1,1,0
Ovandy Suero,0,0,1,0,0,0,0,0
Ozzie Albies,1,1,2,2,2,1,1,1
Ozzie Lewis,1,1,1,1,1,1,1,0
P.J. Higgins,2,2,2,1,2,1,1,0
P.J. Phillips,1,0,0,1,0,1,1,0
Pablo Reyes,1,1,2,1,1,1,1,0
Pablo Sandoval,1,0,1,1,1,0,0,1
Parker Berberet,0,1,1,1,1,1,1,0
Pat Blair,0,1,1,1,1,1,1,0
Pat Porter,0,1,0,0,0,0,0,0
Patrick Biondi,1,1,1,0,1,0,0,0
Patrick Leonard,1,1,1,0,1,1,1,0
Patrick Norris,1,1,1,1,1,0,0,0
Patrick Wisdom,1,1,0,0,1,1,1,0
Paul Gran,1,1,1,1,1,1,1,0
Paul Hendrix,1,1,0,1,1,1,2,0
Paul Hoenecke,2,1,1,1,1,1,1,0
Paul Hoilman,1,1,0,1,1,1,1,0
Paul Kelly,1,1,1,1,1,1,1,0
Paulo Orlando,1,0,0,1,1,1,1,1
Pedro Ciriaco,2,0,1,1,1,0,0,0
Pedro Cotto,1,1,2,1,1,0,1,0
Pedro Florimon,1,1,0,0,0,0,0,1
Pedro Zapata,0,1,1,1,1,1,1,0
Pete Kozma,1,1,1,1,1,1,1,0
Peter Hissey,1,1,1,1,1,1,1,0
Peter Van Gansen,2,1,1,1,1,0,0,0
Petey Paramore,0,2,2,0,1,0,0,0
Philip Wunderlich,2,1,1,1,1,1,1,0
Phillip Cuadrado,1,1,1,2,2,2,2,0
Phillip Ervin,2,1,1,1,1,1,1,0
Phillip Evans,0,1,1,0,0,0,0,0
Pin-Chieh Chen,2,1,1,1,1,1,1,0
Preston Mattingly,1,0,0,0,0,0,0,0
Preston Palmeiro,2,1,1,1,1,1,1,0
Quentin Davis,1,0,1,1,1,1,0,0
Quincy Ascencion,1,0,2,1,1,1,1,0
Quincy Latimore,1,0,1,1,0,1,1,0
Quinn Stewart,1,1,0,1,1,2,1,0
Quintin Berry,2,1,1,2,2,1,1,1
R.J. Dennard,1,1,1,0,1,1,0,0
Rafael Bautista,2,1,2,2,1,1,1,0
Rafael Devers,1,0,1,1,1,1,1,1
Rafael Fernandez,1,2,1,1,1,1,1,0
Rafael Ortega,1,0,1,2,1,1,1,0
Rafael Rodriguez,0,1,1,1,0,0,0,0
Rafael Ynoa,1,1,2,1,1,1,1,0
Raimel Tapia,2,1,1,2,2,2,2,0
Ralph Henriquez,0,0,1,0,0,0,0,0
Ramon Flores,2,1,1,1,1,1,1,0
Ramon Hernandez,1,0,1,2,1,1,1,1
Ramon Morla,1,0,1,1,1,2,1,0
Ramon Santana,1,1,1,2,2,2,2,0
Rand Smith,1,1,1,0,1,0,0,0
Rando Moreno,0,1,2,0,0,0,0,0
Randy Roth,1,0,2,2,1,2,2,0
Randy Ventura,2,1,1,2,1,1,1,0
Ranyelmy Alberto,0,1,0,0,0,0,0,0
Raph Rhymes,2,1,2,1,1,1,1,0
Rashad Crawford,0,0,1,1,1,1,1,0
Rashun Dixon,1,1,0,1,2,1,1,0
Raul Fortunato,1,1,1,1,1,1,1,0
Raul Mondesi,2,1,1,1,1,1,1,0
Raul Padron,0,1,1,1,1,0,0,0
Raul Reyes,1,1,1,1,1,1,1,0
Ray-Patrick Didder,2,1,1,1,2,1,1,0
Rayder Ascanio,1,1,1,1,1,0,1,0
Raymond Kruml,1,1,1,1,0,0,0,0
Raywilly Gomez,1,1,2,1,1,1,1,0
Rebel Ridling,2,1,1,2,1,2,2,0
Reegie Corona,0,1,2,2,1,1,1,0
Reese McGuire,1,1,2,1,1,1,1,0
Reggie Keen,1,1,1,1,1,1,1,0
Reggie Williams,0,1,1,1,1,1,1,0
Reid Engel,1,1,1,2,1,1,1,0
Reid Fronk,1,2,1,1,2,2,2,0
Reinaldo Ilarraza,1,1,0,0,0,0,0,0
Renato Nunez,2,0,1,1,1,1,1,0
Rey Fuentes,1,1,1,1,1,1,1,0
Rey Navarro,1,1,1,1,1,1,1,0
Reymond Nunez,0,0,1,1,1,1,1,0
Rhett Wiseman,2,1,1,1,1,1,1,0
Rhyne Hughes,1,1,1,0,0,0,0,0
Ricardo Andujar,1,1,1,1,1,0,0,0
Ricardo Sosa,0,1,2,2,1,1,1,0
Richard Jones,1,1,1,2,1,2,2,0
Richard Urena,0,0,1,1,0,1,1,0
Ricky Alvarez,1,0,1,1,0,1,1,0
Ricky Eusebio,1,1,1,0,1,0,1,0
Rico Noel,1,1,1,1,1,1,1,0
Riley Unroe,1,1,1,1,1,0,1,0
Rio Ruiz,1,1,1,1,1,1,1,0
Robbie Grossman,2,2,0,1,2,1,1,0
Robbie Hudson,1,1,1,1,1,1,1,0
Robbie Tenerowicz,0,1,1,2,1,2,2,0
Robby Hefflinger,1,0,0,1,0,1,1,0
Robby Price,2,2,2,1,2,1,2,0
Robert Jacobsen,1,1,1,1,1,1,1,0
Robert Lyerly,2,1,1,2,1,1,1,0
Roberto Lopez,1,1,2,1,1,1,1,0
Roberto Perez,1,2,1,0,1,1,1,1
Robi Estrada,0,2,1,1,1,0,0,0
Robinson Chirinos,1,2,1,1,1,1,1,1
Rock Shoulders,1,2,0,1,1,1,1,0
Rogelio Noris,1,0,0,1,0,1,1,0
Roidany Aguila,0,1,1,1,1,1,1,0
Rolando Gomez,0,1,1,1,1,1,1,0
Roldani Baldwin,0,0,1,1,1,2,1,0
Roman Collins,0,1,1,1,1,1,1,0
Roman Pena,1,1,1,1,1,1,1,0
Ron Bourquin,1,2,1,1,1,0,1,0
Ronald Bermudez,0,1,1,1,1,2,1,0
Ronald Garth,1,1,1,1,1,1,1,0
Ronald Guzman,1,1,1,0,0,0,0,0
Ronnie Dawson,1,1,1,1,1,1,1,0
Ronnie Gideon,1,1,0,0,1,1,1,0
Ronnie Richardson,0,2,1,1,2,1,1,0
Ronnie Welty,1,1,1,2,2,1,1,0
Ronny Rodriguez,0,0,1,1,0,1,1,0
Rony Cabrera,1,0,1,1,0,0,0,0
Rosell Herrera,2,1,1,2,2,2,2,0
Ross Kivett,2,1,2,1,1,1,1,0
Rossmel Perez,0,1,2,1,1,0,1,0
Rougned Odor,1,0,2,1,1,1,1,1
Royce Consigli,2,1,1,1,1,1,1,0
Rubi Silva,1,0,1,2,1,1,1,0
Ruddy Giron,1,1,1,1,1,1,1,0
Rudy Flores,0,1,0,1,1,2,2,0
Russ Canzler,1,1,1,1,1,1,1,0
Russell Dixon,1,1,0,1,1,0,1,0
Russell Mitchell,1,1,1,1,0,1,1,0
Ryan Adams,1,1,1,2,1,2,2,0
Ryan Aguilar,0,2,1,0,1,0,0,0
Ryan Barba,1,1,1,0,0,0,0,0
Ryan Bottger,1,2,1,0,1,0,0,0
Ryan Brett,1,1,1,1,1,1,1,0
Ryan Cavan,2,1,1,1,1,1,1,0
Ryan Court,1,1,1,1,1,1,1,0
Ryan Curry,1,1,1,1,1,1,1,0
Ryan Dent,0,2,0,1,1,1,1,0
Ryan Eigsti,0,0,0,0,0,1,1,0
Ryan Finan,1,2,1,1,2,2,2,0
Ryan Fisher,1,1,0,1,1,2,1,0
Ryan Flaherty,2,1,1,1,1,2,2,0
Ryan Goetz,1,1,2,1,1,1,1,0
Ryan Hissey,1,1,1,1,1,1,1,0
Ryan Howell,0,2,0,0,1,1,1,0
Ryan Kalish,1,2,1,1,2,1,1,0
Ryan Lavarnway,1,1,1,1,1,2,2,0
Ryan Lollis,1,1,2,1,1,1,1,0
Ryan Mathews,1,1,1,1,1,1,1,0
Ryan McBroom,2,1,1,2,2,2,2,0
Ryan McCarvel,0,1,0,0,1,1,1,0
Ryan McKenna,1,1,1,1,1,1,1,0
Ryan McMahon,2,1,0,1,1,2,2,0
Ryan Mountcastle,1,0,1,1,1,1,1,0
Ryan Nagle,1,1,1,1,1,0,0,0
Ryan Norwood,2,0,1,2,1,1,1,0
Ryan Rieger,1,2,1,1,1,1,1,0
Ryan Rohlinger,2,1,1,1,1,1,1,0
Ryan Royster,1,1,1,2,2,2,2,0
Ryan Rua,1,1,1,1,1,2,2,0
Ryan Schimpf,0,1,1,1,1,1,1,1
Ryan Scoma,1,1,1,1,1,1,1,0
Ryan Scott,1,1,1,1,1,1,1,0
Ryan Strieby,1,2,1,1,1,1,1,0
Ryan Wiegand,1,1,1,1,1,1,1,0
Ryan Wright,1,1,2,1,1,1,1,0
Ryder Jones,0,0,1,0,0,1,0,0
Rymer Liriano,1,1,1,2,2,2,2,0
Sam Carter,0,1,0,1,1,1,1,0
Sam Haggerty,0,1,0,0,1,0,1,0
Sam Hilliard,1,1,0,1,1,1,1,0
Sam McDonnell,1,1,1,1,1,1,1,0
Sam Mende,1,1,1,1,1,2,1,0
Samir Duenez,0,1,2,1,1,1,1,0
Sammie Starr,1,1,2,1,1,1,1,0
Samuel Sime,0,1,1,1,0,0,0,0
Sandber Pimentel,1,1,1,1,1,1,1,0
Sandro Fabian,1,0,1,1,0,1,1,0
Sandy Leon,0,2,1,1,1,1,1,1
Santiago Espinal,2,1,2,1,1,1,1,0
Santo De Leon,1,0,1,1,1,1,1,0
Scooter Gennett,1,1,1,2,1,2,2,1
Scott Campbell,1,2,2,1,2,1,1,0
Scott Cousins,1,1,1,2,1,2,2,0
Scott Robinson,2,0,1,2,1,1,1,0
Scott Savastano,1,2,1,2,2,1,1,0
Scott Schebler,2,0,1,1,1,1,1,1
Scott Sizemore,1,2,2,1,2,1,1,1
Scott Van Slyke,0,1,1,1,1,0,0,1
Sean Buckley,1,1,0,1,1,1,1,0
Sean Coughlin,1,2,1,1,1,1,1,0
Sean Coyle,1,2,1,1,1,2,2,0
Sean Jamieson,2,2,1,1,1,1,1,0
Sean Miller,0,0,1,1,0,1,1,0
Sean Ochinko,1,1,2,2,1,2,2,0
Sean Ratliff,1,1,0,1,1,1,1,0
Sean Shoffit,1,2,0,1,1,1,1,0
Sebastian Valle,1,1,1,1,0,1,1,0
Seby Zavala,0,1,0,1,1,1,1,0
Sergio Morales,1,1,0,0,1,1,1,0
Sergio Pedroza,0,2,1,1,2,2,2,0
Seth Fortenberry,2,2,1,1,1,1,1,0
Seth Harrison,1,1,1,1,1,1,1,0
Seth Johnston,1,1,1,1,1,1,1,0
Seth Mejias-Brean,2,1,1,2,2,2,2,0
Shane Hoelscher,0,2,2,2,2,2,2,0
Shane Jordan,2,2,2,1,1,0,1,0
Shane Keough,0,1,0,1,1,0,0,0
Shane Mardirosian,1,1,1,0,0,0,0,0
Shawn O'Malley,0,1,1,1,1,0,0,0
Shawn Payne,1,2,1,2,2,1,2,0
Shawn Pleffner,1,2,1,1,2,1,1,0
Shayne Houck,0,1,1,1,1,1,1,0
Shed Long,0,1,1,1,2,2,2,0
Sherman Johnson,1,2,1,1,2,1,1,0
Skye Bolt,0,1,1,0,1,1,1,0
Skyler Ewing,2,1,1,0,1,0,1,0
Socrates Brito,2,1,1,1,1,1,1,1
Spike McDougall,1,2,0,1,1,2,2,0
Stefan Gartrell,0,1,1,2,2,2,2,0
Stefan Sabol,0,2,0,0,1,1,1,0
Stefan Trosclair,1,2,1,1,2,2,2,0
Stefen Romero,1,1,1,1,1,2,1,0
Steffan Wilson,2,1,1,1,1,2,2,0
Stephen Chapman,1,1,0,1,1,2,2,0
Stephen McGee,0,2,1,0,1,0,0,0
Stephen Perez,1,1,1,1,1,0,0,0
Stephen Vogt,1,1,2,2,2,1,1,1
Steve Brown,0,1,0,0,0,1,0,0
Steve Bumbry,1,1,0,1,1,1,1,0
Steve Kleen,2,1,1,1,1,1,1,0
Steve Laurino,0,1,1,0,0,0,0,0
Steve Lombardozzi,2,1,2,2,2,1,1,0
Steve Mena,1,1,1,1,1,1,1,0
Steve Singleton,0,0,2,1,0,1,0,0
Steve Wilkerson,0,1,1,1,2,1,1,0
Steven Lerud,1,1,0,1,1,1,1,0
Steven Liddle,1,1,1,1,1,1,1,0
Steven Souza Jr.,1,1,1,1,1,0,1,1
Steven Tinoco,1,1,2,1,1,0,1,0
Sthervin Matos,1,1,0,0,1,1,0,0
Stryker Trahan,0,1,0,0,0,1,0,0
Stuart Musslewhite,1,1,2,1,0,0,0,0
T.J. Baxter,1,1,0,1,1,1,1,0
T.J. Mittelstaedt,1,2,1,2,2,1,2,0
T.J. White,1,1,2,1,1,1,1,0
Tanner English,1,1,1,1,1,1,1,0
Tanner Murphy,0,1,1,0,0,0,0,0
Tanner Rahier,1,0,1,0,0,1,0,0
Tarrence Patterson,1,1,1,1,1,0,0,0
Tate Matheny,1,1,1,1,1,1,1,0
Taylor Ard,1,1,2,1,1,1,1,0
Taylor Brennan,1,2,1,1,1,1,1,0
Taylor Featherston,1,2,1,2,2,2,2,0
Taylor Green,1,1,2,2,2,2,2,0
Taylor Grote,1,1,0,0,1,0,0,0
Taylor Gushue,0,1,1,0,0,1,0,0
Taylor Harbin,2,0,2,1,1,1,1,0
Taylor Murphy,1,2,1,1,1,1,1,0
Taylor Snyder,0,0,0,0,0,1,1,0
Taylor Trammell,2,2,1,1,2,1,2,0
Teoscar Hernandez,2,1,1,1,1,1,1,1
Terrance Blunt,1,1,2,1,1,1,1,0
Terrance Gore,2,1,1,0,1,0,0,0
Thomas Coyle,2,2,2,1,2,1,1,0
Thomas Hickman,0,2,0,0,1,1,1,0
Thomas Milone,1,1,1,1,1,0,0,0
Thomas Neal,1,1,1,1,1,1,1,0
Ti'Quan Forbes,1,0,1,1,1,1,1,0
Tim Battle,0,1,1,1,1,1,1,0
Tim Beckham,2,1,1,1,1,1,1,1
Tim Ferguson,1,1,2,1,1,1,1,0
Tim Morris,0,1,1,1,1,1,1,0
Tim Pahuta,1,1,1,1,1,2,1,0
Tim Smith,2,1,1,2,1,1,1,0
Tito Polo,1,1,1,1,1,0,1,0
Todd Glaesmann,0,1,1,1,1,2,1,0
Todd Johnson,1,1,1,1,1,1,1,0
Tom Belza,2,1,1,1,1,1,1,0
Tomas Telis,1,0,2,2,1,1,1,0
Tommy Joseph,1,1,1,1,0,1,1,0
Tommy Manzella,0,1,1,1,1,1,1,0
Tony Delmonico,1,1,1,1,2,1,2,0
Tony Festa,1,1,2,2,2,1,1,0
Tony Granadillo,1,1,1,1,1,2,2,0
Tony Mansolino,0,1,1,0,0,0,0,0
Tony Mueller,1,1,1,1,1,0,0,0
Tony Renda,2,1,2,2,2,1,1,0
Tony Thompson,1,1,2,1,1,1,1,0
Torsten Boss,1,2,1,1,1,1,1,0
Trace Loehr,0,0,1,1,0,1,1,0
Trae Santos,1,1,1,1,1,2,2,0
Travis Blankenhorn,1,1,1,1,1,1,1,0
Travis Demeritte,1,1,0,0,1,1,1,0
Travis Harrison,2,2,1,1,1,1,1,0
Travis Mattair,1,1,1,1,1,0,1,0
Travis Snider,1,1,1,2,2,2,2,1
Travis Whitmore,1,1,1,1,1,1,1,0
Travis Witherspoon,1,1,1,1,1,1,1,0
Travis d'Arnaud,2,1,2,1,1,1,1,1
Trayce Thompson,2,1,0,1,1,2,1,1
Trayvon Robinson,1,1,0,1,1,0,0,0
Trent Gilbert,1,1,1,1,1,1,1,0
Trever Adams,1,1,1,1,1,1,1,0
Trevor Brown,1,1,2,1,1,0,0,0
Trevor Hairgrove,0,0,1,0,0,0,0,0
Trevor Mitsui,1,0,1,2,1,1,1,0
Trevor Story,2,1,1,1,1,2,2,1
Trey Hendricks,0,1,2,0,0,0,0,0
Trey Martin,0,1,1,1,0,1,0,0
Trey Michalczewski,1,1,0,1,1,1,1,0
Troy Hanzawa,1,0,1,1,1,1,1,0
Tucker Neuhaus,0,1,1,1,1,1,1,0
Tucker Tubbs,1,1,1,0,1,1,1,0
Tuffy Gosewisch,0,1,1,0,0,1,1,0
Ty Kelly,2,2,2,1,1,1,1,0
Ty Morrison,1,1,0,1,1,1,1,0
Ty Ross,1,1,1,1,1,1,1,0
Ty Young,0,1,1,1,1,1,1,0
Tyler Bortnick,1,2,2,2,2,1,2,0
Tyler Burnett,0,1,1,1,1,1,1,0
Tyler Flowers,1,1,1,2,2,2,2,1
Tyler Goeddel,1,1,1,1,1,1,1,0
Tyler Grimes,0,1,0,0,1,1,1,0
Tyler Henson,2,0,1,1,1,1,1,0
Tyler Hill,1,1,1,1,1,1,1,0
Tyler Horan,1,1,1,1,1,2,2,0
Tyler Kolodny,1,1,1,0,1,1,1,0
Tyler Marincov,1,1,1,1,1,2,2,0
Tyler Massey,1,1,1,1,0,1,1,0
Tyler Moore,1,1,1,2,1,1,1,0
Tyler Ogle,2,2,2,1,2,1,1,0
Tyler Pastornicky,1,1,2,1,1,1,1,0
Tyler Sullivan,2,1,1,1,1,0,1,0
Tyler Wade,2,1,1,1,1,1,1,0
Tyreace House,1,2,1,0,1,0,0,0
Tyrone Taylor,2,1,2,1,1,1,1,0
Tyson Auer,2,1,1,1,1,1,1,0
Tzu-Wei Lin,1,2,1,0,1,0,0,0
Valentino Arce,0,1,2,1,1,0,0,0
Victor Caratini,1,1,1,1,1,1,1,0
Victor Cruzado,1,2,1,1,2,1,1,0
Victor Ferrante,0,1,0,1,1,2,2,0
Victor Reyes,1,0,2,2,1,1,1,0
Victor Roache,1,1,0,1,1,1,1,0
Vince Fernandez,1,1,0,1,1,2,2,0
Vinnie Catricala,2,1,1,2,2,2,2,0
Viosergy Rosa,2,2,1,1,1,1,2,0
Wade Gaynor,2,1,1,1,1,1,1,0
Wade Hinkle,1,1,1,1,1,1,1,0
Wade Kirkland,1,1,1,1,1,1,1,0
Walker Gourley,1,0,1,2,1,1,1,0
Wander Franco,1,0,1,1,1,1,1,0
Wang-Wei Lin,1,1,1,1,1,1,1,0
Welinson Baez,1,1,0,0,1,1,1,0
Wendell Fairley,0,1,0,1,1,1,1,0
Wendell Rijo,1,2,1,1,1,1,1,0
Wes Cunningham,0,1,1,1,1,1,1,0
Wes Darvill,1,1,1,0,0,0,0,0
Wilberto Ortiz,1,1,2,1,1,1,1,0
Wilfredo Tovar,2,1,2,1,1,0,0,0
Will Allen,2,1,1,1,1,1,1,0
Will Callaway,1,1,1,1,1,1,1,0
Will Kengor,1,2,1,1,2,1,1,0
Will Maddox,2,1,1,2,2,1,1,0
Will Middlebrooks,1,1,0,1,1,1,1,0
Will Piwnica-Worms,0,2,1,1,2,1,1,0
Will Rhymes,2,1,2,1,1,0,1,1
Will Skinner,0,1,0,1,1,1,1,0
Will Venable,2,1,1,2,2,2,2,1
Willi Castro,2,0,1,1,0,1,1,0
William Beckwith,1,1,1,2,1,2,2,0
Willians Astudillo,1,0,2,2,1,1,1,0
Willie Abreu,1,0,1,1,1,2,1,0
Willie Carmona,1,1,1,2,1,1,1,0
Willy Adames,1,1,1,1,1,1,1,0
Willy Garcia,1,1,0,1,0,1,1,0
Wilmer Difo,2,1,2,2,1,2,2,1
Wilmer Flores,1,0,2,1,1,1,0,1
Wilson Garcia,1,0,2,1,0,1,0,0
Wuilmer Becerra,1,1,1,2,1,1,1,0
Wyatt Mathisen,1,1,2,1,1,1,1,0
Wynton Bernard,2,1,1,2,2,1,2,0
Xavier Avery,1,0,1,1,1,1,1,0
Yadiel Rivera,1,0,1,1,0,1,1,0
Yahmed Yema,1,0,1,1,1,1,1,0
Yairo Munoz,0,1,1,1,0,1,1,0
Yasiel Balaguert,0,0,1,1,0,1,1,0
Yazy Arbelo,2,2,0,1,1,2,2,0
Yefri Carvajal,1,0,1,1,1,1,1,0
Yefri Perez,1,1,2,1,1,1,1,0
Yeiler Peguero,1,1,1,0,1,1,1,0
Yeison Asencio,0,0,2,2,1,2,2,0
Yeltsin Gudino,1,1,2,1,1,0,1,0
Yermin Mercedes,0,1,1,2,2,2,2,0
Yeyson Yrizarri,1,0,1,1,0,1,1,0
Yoel Campusano,1,1,2,1,1,1,1,0
Yohan Silva,0,2,1,1,1,1,1,0
Yojhan Quevedo,1,0,2,1,1,1,1,0
Yonathan Daza,1,0,1,2,1,1,1,0
Yordy Cabrera,0,1,1,0,1,1,1,0
Yu-Cheng Chang,1,1,1,0,0,1,1,0
Yuber Rodriguez,0,1,0,1,1,1,1,0
Yunesky Sanchez,1,1,2,1,1,1,1,0
Zac Shepherd,1,1,0,1,1,1,1,0
Zach Collier,1,1,1,1,1,1,1,0
Zach Cone,1,1,1,1,1,2,1,0
Zach Gentile,0,2,2,0,1,0,0,0
Zach Houchins,2,1,2,1,1,1,1,0
Zach Johnson,2,2,1,1,1,1,1,0
Zach Remillard,1,0,1,1,0,1,0,0
Zach Sullivan,0,0,0,0,0,0,0,0
Zach Vincej,1,1,1,1,1,1,1,0
Zach Walters,0,1,1,2,2,2,2,0
Zack Cozart,1,0,1,1,1,2,1,1
Zack Larson,1,1,1,0,0,0,0,0
Zack Shields,0,1,1,1,0,0,0,0
Zacrey Law,1,1,1,1,1,1,0,0
Zander Wiel,2,1,1,1,1,2,1,0
Zeke DeVoss,2,2,1,1,2,1,1,0
Zelous Wheeler,2,1,1,1,1,1,1,0
