Name,PA,BB%,K%,AVG,OBP,SLG,OPS
A.J. Ellis,1,2,1,1,2,1,1
A.J. Pollock,2,1,1,2,1,1,1
A.J. Simcox,1,0,1,1,0,1,1
Aaron Altherr,1,0,1,0,0,1,1
Aaron Bates,1,1,1,1,1,1,1
Aaron Cunningham,0,1,1,2,2,2,2
Aaron Hicks,2,2,1,1,2,1,2
Aaron Luna,0,2,1,1,2,2,2
Aaron Mathews,1,0,1,1,1,1,1
Aaron Peel,2,0,1,1,1,2,1
Aaron Westlake,1,1,0,0,0,1,1
Adalberto Santos,1,2,1,1,2,1,1
Adam Abraham,1,1,1,1,1,1,1
Adam Boeve,0,2,0,1,1,2,2
Adam Brett Walker,2,1,0,0,1,2,1
Adam Buschini,0,1,1,0,0,0,0
Adam Calderone,0,1,1,1,0,1,1
Adam Duvall,1,1,1,1,1,1,1
Adam Frazier,1,1,2,2,2,1,1
Adam Godwin,1,1,1,1,1,0,1
Adam Greenberg,1,2,1,1,1,1,1
Adam Heether,1,1,1,2,1,1,1
Adam Loewen,1,2,0,1,1,1,1
Adam Melker,0,1,1,1,1,1,1
Adam Moore,1,1,1,2,2,2,2
Adam Morrissey,2,2,1,1,2,1,1
Adam Witter,1,2,1,0,1,1,1
Addison Maruszak,1,1,1,1,1,1,1
Adeiny Hechavarria,1,0,1,0,0,1,0
Aderlin Rodriguez,1,1,1,1,1,1,1
Adrian Marin,1,0,1,1,0,0,0
Agustin Murillo,0,1,1,0,1,0,0
Albert Almora,1,1,2,1,1,1,1
Albert Cartwright,1,0,1,1,0,0,0
Alberth Martinez,1,1,1,1,1,1,1
Alberto Gonzalez,1,1,2,1,1,1,1
Alcides Escobar,2,0,1,2,1,1,1
Alden Carrithers,1,2,2,1,1,1,1
Aledmys Diaz,0,1,1,1,1,1,1
Alen Hanson,1,0,1,1,1,1,1
Alex Avila,0,2,1,1,1,1,1
Alex Blandino,1,1,0,0,1,0,1
Alex Castellanos,1,1,1,2,2,2,2
Alex Dickerson,1,0,1,1,1,2,2
Alex Gordon,2,2,1,2,2,2,2
Alex Hassan,2,2,1,1,2,1,2
Alex Liddi,2,1,0,1,1,2,1
Alex Romero,0,1,2,2,2,1,1
Alex Valdez,2,1,1,1,1,1,1
Alex Verdugo,1,1,2,1,1,1,1
Alex Yarbrough,1,1,1,1,1,1,1
Alfredo Escalera,1,0,1,1,0,1,0
Alfredo Marte,1,1,1,1,1,2,2
Alfredo Silverio,2,0,1,2,1,2,2
Ali Castillo,1,1,2,1,1,0,0
Allan Dykstra,1,2,0,1,2,2,2
Allen Craig,2,1,1,2,2,2,2
Alonzo Harris,0,1,1,0,0,0,0
Ambiorix Concepcion,1,0,1,1,0,1,1
Anderson Feliz,0,1,1,1,1,1,1
Anderson Machado,1,1,1,0,1,1,1
Andrew Aplin,1,2,2,1,2,1,1
Andrew Brown,0,1,0,1,1,2,2
Andrew Daniel,1,1,1,1,1,1,1
Andrew Lambo,2,1,1,1,1,1,1
Andrew McCutchen,1,1,1,1,1,1,1
Andrew Pinckney,1,1,1,1,1,1,1
Andrew Romine,1,1,1,1,1,1,1
Andrew Velazquez,0,1,0,0,0,1,1
Andy Burns,2,1,1,1,1,1,1
Andy Dirks,1,1,1,1,1,1,1
Andy Jenkins,0,1,1,0,0,1,1
Andy Parrino,1,2,1,1,1,1,1
Andy Simunic,1,1,1,2,1,0,1
Andy Wilkins,1,2,1,0,1,1,1
Aneury Tavarez,1,1,1,2,2,2,2
Angel Castillo,0,0,0,0,0,0,0
Angel Franco,0,1,2,0,0,0,0
Angel Ortega,1,0,1,1,0,0,0
Angel Salome,0,1,1,2,2,2,2
Angel Sanchez,2,1,2,1,1,1,1
Angel Villalona,0,0,1,0,0,1,1
Angelo Mora,0,1,1,1,1,1,1
Angelys Nina,1,1,1,1,1,1,1
Anthony Aliotti,1,2,1,2,2,2,2
Anthony Garcia,0,1,1,1,1,2,2
Anthony Gose,2,1,0,1,1,1,1
Anthony Hewitt,0,1,0,1,0,1,1
Anthony Jackson,1,1,2,0,1,0,0
Anthony Phillips,0,1,1,1,1,0,0
Anthony Recker,1,1,0,1,1,1,1
Anthony Rizzo,1,1,1,1,1,2,1
Anthony Webster,1,0,2,1,1,1,1
Antoan Richardson,1,2,1,1,1,0,1
Antonio Nunez,0,1,0,0,1,0,0
Archie Gilbert,1,1,2,1,1,1,1
Argenis Reyes,1,0,2,1,1,1,1
Arismendy Alcantara,2,1,1,1,1,1,1
Aristides Aquino,1,1,0,0,0,1,1
Asdrubal Cabrera,1,1,2,2,2,1,2
Ashley Graeter,0,1,1,1,0,1,1
Audy Ciriaco,0,0,1,1,0,1,1
Austin Dean,1,1,1,0,1,1,1
Austin Hedges,1,0,1,0,0,0,0
Austin Jackson,2,1,1,1,1,1,1
Austin Krum,1,2,1,0,1,0,0
Austin Nola,2,2,1,1,1,0,1
Austin Romine,1,1,1,1,1,1,1
Austin Wates,0,1,1,2,2,1,1
Austin Wynns,1,2,1,1,2,1,1
B.J. Boyd,2,0,2,2,1,1,1
Barrett Barnes,1,1,1,2,2,2,2
Beau Mills,1,1,1,1,1,1,1
Beau Taylor,0,2,1,1,2,1,1
Ben Copeland,1,1,1,1,1,1,1
Ben Gamel,2,1,1,1,1,0,0
Ben Harrison,0,1,0,2,2,2,2
Ben Johnson,1,0,1,1,1,1,1
Ben Lasater,0,1,1,2,1,2,2
Ben Paulsen,2,1,1,1,0,1,1
Ben Revere,0,1,2,2,1,1,1
Ben Zobrist,0,2,2,2,2,2,2
Bengie Gonzalez,2,1,1,1,1,1,1
Bijan Rademacher,1,2,1,1,2,1,1
Bill Rhinehart,1,1,1,1,1,2,1
Billy Burns,1,1,1,1,1,0,0
Billy Butler,1,1,2,2,2,2,2
Billy McKinney,1,2,1,1,1,0,1
Blake Allemand,0,1,1,1,1,1,1
Blake Davis,1,0,1,1,1,1,1
Blake Lalli,1,1,2,2,2,1,1
Blake Smith,1,2,0,1,1,1,1
Blake Tekotte,1,2,1,1,2,2,2
Blake Trahan,1,1,1,0,1,0,0
Bo Way,1,1,1,1,1,0,0
Bobby Bradley,1,1,1,1,1,1,1
Bobby Felmy,1,1,1,1,1,1,1
Bobby Wilson,0,1,2,1,1,1,1
Brad Boyer,0,1,1,1,1,1,1
Brad Coon,0,1,1,1,1,1,1
Brad Corley,1,0,1,1,1,1,1
Brad Emaus,2,1,2,1,1,1,1
Brad Glenn,1,1,0,1,1,1,1
Brad Harman,1,1,0,0,0,0,0
Brad Snyder,2,1,0,1,1,1,1
Bradley Zimmer,0,2,0,1,1,2,2
Brady Shoemaker,1,2,1,1,2,1,1
Brahiam Maldonado,1,1,0,0,0,1,1
Brandon Bednar,1,0,1,1,1,1,1
Brandon Boggs,1,2,0,1,2,2,2
Brandon Chaves,1,1,1,1,1,0,1
Brandon Crawford,1,0,1,1,0,1,0
Brandon Dixon,1,1,0,1,1,1,1
Brandon Douglas,1,1,2,1,1,1,1
Brandon Guyer,0,1,2,2,2,2,2
Brandon Hicks,1,1,0,0,1,1,1
Brandon Jones,0,1,1,1,1,2,2
Brandon Laird,1,1,1,1,1,2,2
Brandon Moss,2,1,1,1,1,1,1
Brandon Roberts,1,1,1,1,1,1,1
Brandon Short,2,1,1,1,1,1,1
Brandon Tripp,1,1,0,1,1,1,1
Brandon Waring,1,1,0,0,1,1,1
Brandon Wikoff,0,2,2,2,2,1,1
Brandon Wood,1,1,0,1,1,2,2
Brant Colamarino,1,1,1,1,1,1,1
Braxton Lee,1,1,1,1,1,0,1
Brendan Katin,1,1,0,1,1,2,1
Brennan Boesch,2,0,1,1,1,2,1
Brent Clevlen,1,1,0,0,1,1,1
Brent Johnson,1,1,2,1,2,1,1
Brett Eibner,1,1,0,1,1,1,1
Brett Harper,1,1,1,2,1,2,2
Brett Lawrie,2,1,1,1,1,1,1
Brett Nicholas,2,1,1,1,1,2,2
Brett Phillips,1,2,0,0,1,1,1
Brett Pill,2,1,2,2,1,2,1
Brett Roneberg,1,1,2,2,2,1,1
Brett Vertigan,1,1,1,1,1,0,0
Breyvic Valera,0,1,2,0,0,0,0
Brian Barton,1,1,1,2,2,1,2
Brian Buscher,1,1,1,1,1,1,1
Brian Cavazos-Galvez,1,0,1,1,1,1,1
Brian Dinkelman,2,1,1,2,2,1,1
Brian Friday,1,1,1,1,1,1,1
Brian Goodwin,1,1,1,0,1,1,1
Brian Hernandez,2,1,1,1,1,1,1
Brian Humphries,1,0,1,1,0,1,1
Brian Jeroloman,1,2,0,0,1,0,0
Brian McFall,0,1,0,1,1,1,1
Brian Snyder,1,2,1,1,2,1,1
Brian Stavisky,0,2,1,2,2,1,2
Brian Van Kirk,1,1,1,1,1,1,1
Brock Bond,1,2,2,2,2,1,2
Brock Holt,1,1,1,2,1,1,1
Brock Kjeldgaard,1,2,0,0,1,1,1
Brock Peterson,1,1,1,1,1,1,1
Brock Stassi,1,1,2,1,1,1,1
Brodie Greene,1,1,1,0,1,0,0
Bronson Sardinha,0,1,1,1,1,1,1
Bruce Caldwell,0,1,0,1,1,1,1
Bruce Maxwell,0,1,1,1,1,0,0
Bryan Anderson,1,1,1,2,1,1,1
Bryan Bass,0,1,0,0,0,1,1
Bryan Byrne,1,2,1,1,2,1,1
Bryan Petersen,1,1,1,2,1,1,1
Bryan Pritz,0,1,1,1,1,1,1
Bryce Brentz,1,1,0,2,1,2,2
Bryson Myles,1,1,1,1,1,1,1
Buck Britton,1,1,1,1,1,1,1
C.J Hinojosa,0,1,2,1,1,0,0
C.J. Cron,2,0,1,1,1,1,1
C.J. Retherford,1,0,1,2,1,2,1
Cade Gotta,0,1,1,1,1,1,1
Cal Towey,0,2,0,0,1,0,0
Cale Iorg,1,0,0,0,0,0,0
Caleb Gindl,1,1,1,1,1,1,1
Caleb Joseph,1,1,1,1,1,1,1
Caleb Ramsey,1,1,1,1,1,0,0
Caleb Stewart,1,1,1,1,1,1,1
Callix Crabbe,2,2,2,1,1,0,1
Cameron Maybin,1,2,0,1,2,1,2
Cameron Perkins,0,0,2,1,1,1,1
Cameron Seitzer,1,1,1,1,1,1,1
Carl Loadenthal,2,1,1,2,2,1,1
Carlo Testa,0,1,0,1,1,1,1
Carlos Alonso,2,1,2,1,1,1,1
Carlos Asuaje,2,1,1,1,1,1,1
Carlos Franco,1,1,0,1,1,0,1
Carlos Gomez,1,0,1,1,1,1,1
Carlos Gonzalez,1,1,1,1,1,2,1
Carlos Lopez,1,1,2,1,1,1,1
Carlos Moncrief,2,1,1,1,1,2,1
Carlos Peguero,2,1,0,1,1,1,1
Carlos Penalver,1,0,1,0,0,0,0
Carlos R Rojas,1,1,1,0,0,0,0
Carlos Rivero,1,1,1,1,1,1,1
Carlos Santana,1,2,1,1,2,2,2
Carlos Sosa,1,1,1,1,1,1,1
Carlos Tocci,1,1,1,2,1,1,1
Carlos Triunfel,1,0,1,1,1,1,1
Casey Benjamin,2,2,2,1,1,1,1
Casey Haerther,1,0,2,1,0,1,1
Casey McElroy,0,1,2,1,1,1,1
Casey McGehee,1,1,1,1,1,1,1
Cedric Hunter,1,1,2,1,1,1,1
Cesar Hernandez,1,0,1,2,1,1,1
Cesar Nicolas,0,2,1,1,1,1,1
Chad Huffman,1,2,1,1,2,1,1
Chad Oberacker,1,1,1,1,1,1,1
Chad Pinder,1,0,1,2,1,2,2
Chad Spann,0,1,1,1,1,2,2
Chad Tracy,2,1,1,1,1,2,1
Chance Sisco,1,2,1,2,2,1,1
Charcer Burks,1,2,1,1,1,1,1
Charlie Blackmon,0,1,2,2,1,2,2
Charlie Culberson,2,0,1,1,0,1,1
Charlie Tilson,2,1,2,2,1,1,1
Chase Headley,1,2,1,2,2,2,2
Chase Lambin,1,1,1,1,1,2,2
Chase McDonald,1,1,0,0,0,1,1
Chase d'Arnaud,2,1,1,1,1,1,1
Che-Hsuan Lin,2,2,2,1,2,0,1
Cheslor Cuthbert,0,1,1,1,1,1,1
Chesny Young,2,1,2,2,2,1,1
Chih-Hsien Chiang,1,0,1,1,1,1,1
Chin-lung Hu,2,1,2,1,1,0,0
Chip Cannon,1,1,0,1,1,1,1
Chris Carter,2,2,1,2,2,2,2
Chris Coghlan,2,1,2,2,2,1,1
Chris Curley,2,0,1,1,1,1,1
Chris Dickerson,1,2,0,1,1,1,1
Chris Durbin,0,1,1,1,1,1,1
Chris Errecart,0,1,0,1,1,1,1
Chris Frey,1,1,2,2,1,1,1
Chris Getz,2,1,2,1,1,0,0
Chris Gutierrez,1,2,1,0,1,0,0
Chris Herrmann,1,2,1,1,1,1,1
Chris Lubanski,2,1,1,1,1,2,2
Chris Malec,1,1,2,1,2,1,1
Chris Marrero,2,1,1,1,1,1,1
Chris McConnell,1,1,1,0,1,0,1
Chris McGuiness,1,2,1,1,1,2,2
Chris Nowak,1,1,1,1,1,1,1
Chris O'Brien,0,1,1,1,1,1,1
Chris Parmelee,2,1,1,1,1,1,1
Chris Rahl,1,0,1,1,0,1,1
Chris Swauger,0,1,1,2,1,1,1
Chris Valaika,0,1,1,2,1,1,1
Chris Walker,2,1,1,1,1,1,1
Christian Arroyo,1,0,1,1,1,1,1
Christian Bethancourt,0,0,1,1,0,1,1
Christian Colon,2,1,2,1,1,0,1
Christian Colonel,1,1,1,1,1,1,1
Christian Lopes,1,1,1,2,1,1,1
Christian Marrero,1,2,1,1,1,1,1
Christian Vazquez,0,1,2,1,2,1,1
Christian Villanueva,2,1,1,1,1,2,1
Christian Walker,0,1,1,2,1,2,2
Christin Stewart,2,1,0,1,1,2,2
Christopher Kelly,1,0,1,0,0,0,0
Christopher Minaker,0,1,1,0,0,0,0
Chuck Taylor,2,2,1,1,1,1,1
Chun-Hsiu Chen,1,1,0,1,1,1,1
Cito Culver,0,0,1,0,0,0,0
Clay Timpner,1,1,1,1,1,1,1
Clete Thomas,2,1,1,1,1,1,1
Clint Coulter,1,1,1,0,1,1,1
Clint Frazier,0,1,1,1,1,2,1
Clint Robinson,2,1,1,2,2,2,2
Cody Bellinger,1,2,1,1,1,2,2
Cody Decker,0,2,0,1,1,2,2
Cody Ehlers,1,2,1,0,1,1,1
Cody Fuller,0,1,1,0,0,0,0
Cody Haerther,1,1,2,1,1,1,1
Cody Puckett,0,1,1,1,1,1,1
Cody Stanley,1,1,1,1,1,1,1
Cody Strait,1,1,1,1,1,1,1
Colby Rasmus,2,2,1,1,2,2,2
Cole Figueroa,1,1,2,1,2,1,1
Cole Garner,1,0,1,1,1,2,2
Cole Gillespie,2,2,1,1,2,2,2
Cole Sturgeon,1,1,1,1,1,1,1
Colin Curtis,2,1,1,1,1,1,1
Colin Moran,0,1,1,2,2,1,2
Colin Walsh,2,2,1,2,2,2,2
Collin Cowgill,2,1,2,1,1,1,1
Collin DeLome,1,1,0,1,1,1,1
Concepcion Rodriguez,1,1,1,1,1,0,0
Conner Crumbliss,1,2,1,1,2,1,1
Connor Harrell,1,0,0,1,1,1,1
Connor Lien,0,0,0,0,0,0,0
Conor Gillaspie,1,1,2,1,1,1,1
Conrad Gregor,1,2,1,0,1,1,1
Corban Joseph,1,1,1,1,1,1,1
Corey Brown,0,2,0,2,2,2,2
Corey Jones,1,0,1,2,1,1,1
Corey Ragsdale,1,1,0,0,0,0,0
Corey Smith,2,1,1,1,1,1,1
Corey Toups,0,1,0,1,1,1,1
Corey Wimberly,1,1,2,1,1,1,1
Cory Dunlap,1,2,1,0,1,0,0
Cory Harrilchak,1,1,1,1,1,1,1
Cory Keylor,1,1,1,1,1,1,1
Courtney Hawkins,1,1,0,0,0,1,0
Craig Brazell,1,0,1,1,0,1,1
Craig Cooper,1,1,1,2,2,1,1
Craig Gentry,2,1,2,2,2,1,1
Cristhian Adames,0,1,1,1,1,0,1
Curt Smith,1,1,1,1,1,1,1
Cutter Dykstra,0,1,1,1,1,1,1
Cyle Hankerd,1,1,1,1,1,1,1
D'Arby Myers,1,0,1,1,1,1,1
D.J. Hicks,1,1,1,1,1,1,1
D.J. Peterson,0,1,1,0,0,1,0
D.J. Stewart,1,2,1,1,2,2,2
D.J. Wabick,1,0,1,2,1,1,1
Dale Mollenhauer,0,1,1,1,1,0,0
Dan Black,2,2,1,1,2,2,2
Dan Brewer,1,1,1,1,1,1,1
Dan Fiorito,0,1,1,0,0,0,0
Dan Gamache,1,1,1,1,1,1,1
Daniel Carte,1,0,0,1,1,1,1
Daniel Fields,1,1,0,1,1,1,1
Daniel Matienzo,1,0,1,1,0,1,1
Daniel Mayora,1,1,1,1,1,1,1
Daniel Murphy,0,1,2,2,2,2,2
Daniel Paolini,1,1,1,1,1,1,1
Daniel Robertson,1,1,2,1,1,1,1
Danny Dorn,0,1,1,1,1,2,2
Danny Espinosa,1,1,1,1,1,1,1
Danny Hayes,1,2,1,1,2,1,1
Danny Mars,1,1,1,2,1,1,1
Danny Muno,2,2,1,1,2,1,1
Danny Ortiz,1,0,1,1,0,1,1
Danny Richar,2,1,1,1,1,1,1
Danny Santana,2,0,1,2,1,1,1
Dansby Swanson,0,1,1,1,1,1,1
Dante Bichette,1,2,1,1,1,1,1
Darin Holcomb,2,1,2,1,1,1,1
Darin Mastroianni,2,2,1,2,2,1,1
Darin Ruf,2,1,1,2,2,2,2
Darnell Sweeney,2,2,1,1,2,1,2
Darrell Ceciliani,1,0,1,1,1,1,1
Darren Ford,1,1,1,1,1,1,1
Darwin Perez,1,1,1,0,1,0,0
Daryl Jones,1,1,1,1,1,1,1
Dave Krynzel,0,1,0,1,1,1,1
Dave Sappelt,0,1,2,2,2,2,2
David Bacani,1,1,1,0,1,0,0
David Bote,1,1,1,1,1,1,1
David Cook,1,2,1,1,1,2,2
David Cooper,2,1,1,1,1,1,1
David Maroul,0,0,0,0,0,1,0
David Nick,1,0,1,1,0,0,0
David Rohm,0,0,0,1,0,0,0
David Smith,1,1,1,1,1,2,1
David Thompson,1,1,1,1,1,1,1
David Vidal,0,1,1,1,1,1,1
David Washington,0,1,0,1,1,2,1
David Winfree,1,1,1,1,1,1,1
Davis Stoneburner,1,1,1,1,1,1,1
Dawel Lugo,2,0,2,1,1,1,1
Dayan Viciedo,1,0,1,1,1,1,1
Dean Anna,1,2,1,1,2,1,1
Dean Green,1,1,1,2,1,1,1
Dee Gordon,2,1,1,1,1,1,1
Deibinson Romero,1,1,1,1,1,1,1
Deik Scram,1,1,1,1,1,1,1
Delino DeShields,1,2,1,0,1,1,1
Delta Cleary Jr.,1,1,1,0,0,0,0
Denard Span,2,1,2,1,1,1,1
Denis Phipps,0,1,1,0,0,0,0
Denny Almonte,1,1,0,1,1,1,1
Derek Fisher,1,2,0,1,2,1,1
Derek Norris,1,2,0,0,1,1,1
Derin McMains,0,1,2,0,1,0,0
Derrick Mitchell,1,1,1,1,1,1,1
Derrick Robinson,1,1,1,1,1,0,1
Derrik Gibson,1,1,1,1,1,0,0
Desmond Jennings,1,1,2,2,2,2,2
Destin Hood,0,1,0,0,0,0,0
Devin Harris,1,1,0,1,0,1,1
Devin Lohman,2,1,1,0,0,0,0
Devon Travis,1,1,1,2,1,1,1
Dexter Fowler,1,2,1,2,2,2,2
Diego Goris,0,0,1,1,0,1,0
Dillon Thomas,0,1,1,1,1,1,1
Diory Hernandez,1,0,1,2,1,1,1
Domingo Santana,1,1,0,1,1,2,2
Dominic Ficociello,1,1,1,1,1,1,1
Dominic Smith,2,1,1,2,1,1,1
Donald Dewees Jr.,1,1,1,1,1,1,1
Donell Linares,1,0,2,1,1,1,1
Donnie Murphy,0,0,1,1,0,1,1
Doug Deeds,1,1,1,2,2,2,2
Drew Dosch,1,1,1,1,0,1,1
Drew Locke,2,1,1,2,2,2,2
Drew M. Anderson,1,1,1,1,1,1,1
Drew Macias,1,2,1,1,1,1,1
Drew Maggi,1,1,1,1,1,0,0
Drew Meyer,1,1,1,1,1,1,1
Drew Robinson,1,2,0,0,1,1,1
Drew Sutton,2,1,1,1,2,1,2
Drew T. Anderson,1,1,1,1,1,1,1
Drew Ward,1,1,0,0,1,1,1
Drew Weeks,1,1,1,1,1,1,1
Dustin DeMuth,1,1,0,1,1,1,1
Dustin Fowler,2,0,1,1,1,1,1
Dustin Geiger,1,1,0,0,0,1,1
Dustin Lawley,1,1,0,0,0,1,1
Dustin Majewski,1,2,1,1,2,1,1
Dustin Martin,2,1,1,1,1,1,1
Dustin Peterson,2,1,1,1,1,1,1
Dusty Coleman,1,1,0,0,1,1,1
Dwaine Bacon,0,1,1,0,0,0,0
Dwight Smith Jr.,1,1,1,1,1,1,1
Dylan Cozens,2,1,0,1,1,2,2
Dylan Moore,1,1,1,0,0,0,0
Ed Lucas,1,2,1,1,2,1,2
Eddy Alvarez,1,1,1,1,1,1,1
Eddy Martinez-Esteve,1,1,2,1,2,1,1
Edgar Corcino,1,1,1,2,1,1,1
Edgar Duran,1,0,1,0,0,0,0
Edinson Rincon,1,0,1,1,1,1,1
Eduardo Nunez,1,0,2,2,1,1,1
Eduardo Perez,1,1,1,1,1,1,1
Edwar Gonzalez,1,0,1,1,1,1,1
Edward Salcedo,1,1,1,0,0,1,1
Edwin Espinal,0,0,1,1,1,1,1
Efren Navarro,1,1,2,1,1,1,1
Ehire Adrianza,1,1,1,0,0,0,0
Eider Torres,1,1,2,1,1,0,0
Eli Iorg,1,0,1,1,1,1,1
Elian Herrera,1,2,1,1,1,1,1
Elliot Johnson,2,1,1,1,1,1,1
Elliot Soto,1,2,1,1,1,0,0
Elvis Andrus,1,1,1,2,1,1,1
Elvis Escobar,0,1,1,1,1,1,1
Emeel Salem,2,1,2,1,1,1,1
Emerson Landoni,1,0,2,2,1,1,1
Emilio Bonifacio,2,1,1,1,1,1,1
Emmanuel Garcia,1,1,1,1,0,0,0
Ender Inciarte,1,0,2,1,1,1,1
Engel Beltre,2,0,1,1,0,1,1
Enrique Cruz,1,1,1,1,1,1,1
Enrique Hernandez,1,1,1,0,0,1,1
Eric Aguilera,1,1,0,1,1,1,1
Eric Campbell,1,1,1,1,1,1,1
Eric Duncan,1,1,1,1,1,1,1
Eric Eymann,1,0,1,2,1,1,1
Eric Haase,0,1,0,1,1,2,2
Eric Jagielo,0,1,0,0,0,0,0
Eric Patterson,1,1,1,1,1,1,1
Eric Rodland,1,2,2,2,2,1,1
Eric Sogard,1,1,2,1,1,1,1
Eric Stamets,0,1,1,0,0,0,0
Eric Thames,2,1,1,1,1,2,2
Eric Von Schell,0,0,0,0,0,1,0
Eric Wood,1,1,1,1,1,1,1
Eric Young Jr.,1,2,1,1,2,1,1
Erich Weiss,1,1,1,1,1,1,1
Erick Mejia,0,1,1,1,1,1,1
Erick Salcedo,1,1,2,1,1,0,0
Erik Castro,1,1,1,1,1,2,2
Erik Komatsu,1,2,2,1,1,1,1
Erik Lis,1,1,1,1,1,1,1
Ernesto Mejia,2,1,0,2,2,2,2
Erold Andrus,1,1,1,1,1,1,1
Eudy Pina,0,0,1,1,0,0,0
Eugenio Suarez,1,1,1,1,1,1,1
Eugenio Velez,0,1,1,2,1,1,1
Evan Bigley,1,1,1,1,1,1,1
Evan Frey,2,1,1,1,1,0,1
Evan Longoria,1,1,1,2,2,2,2
Evan Marzilli,0,2,0,0,1,0,0
Ezequiel Carrera,0,2,1,2,2,1,2
Felix Molina,1,1,1,1,1,1,1
Fernando Cortez,1,1,2,1,0,0,0
Fernando Martinez,0,1,1,1,1,1,1
Fernando Perez,1,2,1,2,2,2,2
Francisco Caraballo,1,1,0,1,1,1,1
Francisco Lindor,0,1,1,1,1,1,1
Francisco Martinez,1,1,1,1,1,1,1
Francisco Mejia,0,1,1,2,1,2,2
Frank Diaz,1,0,1,1,0,1,1
Frank Schwindel,1,0,1,1,0,1,1
Franklin Barreto,1,1,1,1,1,1,1
Franmil Reyes,2,1,0,1,1,1,1
Freddy Galvis,1,0,1,1,0,1,0
Freddy Sandoval,2,1,1,2,2,2,2
Gabriel Guerrero,1,0,1,1,0,1,0
Gabriel Lopez,1,1,2,1,1,0,1
Gabriel Martinez,1,1,1,1,1,1,1
Gabriel Noriega,0,0,1,1,0,0,0
Gabriel Quintana,1,0,0,1,0,2,1
Gaby Sanchez,2,2,2,2,2,2,2
Garabez Rosa,1,0,1,1,1,1,1
Garrett Guzman,1,1,2,2,1,1,1
Gary Brown,2,1,1,1,1,1,1
Gary Cates,0,0,2,1,0,0,0
Gary Sanchez,1,1,1,1,1,1,1
Gavin Cecchini,1,1,2,2,2,1,1
Geraldo Valentin,1,0,2,1,1,1,1
German Duran,1,1,1,2,1,2,2
Gerson Montilla,0,1,1,1,1,1,1
Gift Ngoepe,1,1,0,0,1,1,1
Giovanny Urshela,1,0,2,1,0,1,1
Glynn Davis,0,1,1,1,1,1,1
Gorkys Hernandez,1,1,1,1,1,1,1
Grant Green,2,1,1,1,1,1,1
Grant Kay,1,1,1,1,1,1,1
Grant Psomas,1,1,1,0,1,1,1
Greg Creek,0,1,1,1,1,1,1
Greg Garcia,1,2,1,1,2,1,1
Greg Golson,1,1,0,1,1,1,1
Greg Halman,1,0,0,0,0,1,1
Greg Miclat,1,1,1,1,1,1,1
Greg Paiml,0,1,0,0,0,0,0
Gregory Porter,1,0,1,2,1,2,2
Guilder Rodriguez,0,1,2,1,1,0,0
Gunnar Heidt,1,1,0,0,0,1,1
Gustavo Molina,0,1,1,0,0,0,0
Hainley Statia,1,1,2,1,1,0,0
Hak-Ju Lee,1,1,1,1,1,1,1
Hank Conger,1,1,2,1,1,1,1
Hanser Alberto,0,0,2,0,0,0,0
Harold Castro,1,0,1,1,0,0,0
Harold Ramirez,1,0,1,1,1,1,1
Hector Gimenez,0,1,1,2,2,2,2
Hector Gomez,1,0,1,0,0,0,0
Heiker Meneses,0,1,1,1,1,0,0
Henry Wrigley,1,0,1,1,1,1,1
Hernan Iribarren,2,1,1,2,1,1,1
Hernan Perez,0,0,2,2,1,1,1
Humberto Arteaga,1,0,1,1,0,0,0
Hunter Cole,1,0,1,1,1,1,1
Hunter Dozier,1,1,0,0,0,1,0
Hunter Jones,1,1,1,0,0,1,0
Hunter Morris,2,1,1,2,1,2,2
Hunter Pence,2,1,1,1,1,2,2
Hunter Renfroe,1,1,0,1,1,1,1
Ian Miller,1,1,1,1,1,1,1
Ian Rice,0,2,1,0,1,1,1
Ian Stewart,1,1,1,1,1,1,1
Iggy Suarez,1,1,1,1,1,0,0
Irving Falu,1,1,2,1,1,0,0
Isaac Ballou,1,1,1,1,1,1,1
Isiah Kiner-Falefa,1,1,2,1,1,0,1
Issmael Salas,0,1,2,1,1,1,1
Ivan De Jesus Jr.,2,2,1,2,2,1,2
Ivan Ochoa,0,1,1,1,1,0,0
J.B. Shuck,1,1,2,2,1,1,1
J.C. Holt,1,1,1,2,1,1,1
J.D. Davis,1,1,0,1,1,2,2
J.P. Crawford,0,2,2,1,1,1,1
J.P. Sportman,1,0,1,1,1,1,1
J.R. House,1,1,2,2,2,2,2
J.T. Realmuto,0,1,1,1,1,1,1
J.T. Wise,1,2,0,1,2,1,1
JT Riddle,1,1,1,1,1,1,1
Jabari Henry,0,1,0,0,0,1,1
Jack Lopez,0,0,1,1,1,1,1
Jack Reinheimer,2,1,1,1,1,1,1
Jackson Melian,0,0,1,1,1,2,1
Jacob Butler,1,2,1,1,1,1,1
Jacob Hannemann,1,1,1,0,0,1,0
Jacob May,1,1,1,1,1,0,1
Jacob Nottingham,1,1,0,0,1,1,1
Jacob Scavuzzo,1,1,1,1,1,1,1
Jacob Schrader,0,1,0,0,0,1,1
Jacob Wilson,1,1,1,1,1,1,1
Jae-Hoon Ha,1,1,1,1,1,1,0
Jaff Decker,2,2,0,0,2,1,1
Jai Miller,1,1,0,1,1,1,1
Jaime Pedroza,1,1,1,1,1,1,1
Jake Bauers,2,2,1,1,1,1,1
Jake Blackwood,1,0,1,1,0,1,0
Jake Blalock,1,1,1,1,1,1,1
Jake Cave,2,1,1,1,1,0,1
Jake Elmore,1,2,1,1,1,1,1
Jake Fox,1,1,1,2,1,2,2
Jake Goebbert,1,1,1,1,2,2,2
Jake Hager,1,1,1,1,1,1,1
Jake Kahaulelio,1,1,1,1,1,1,1
Jake Lamb,1,1,1,2,2,2,2
Jake Lemmerman,1,1,1,0,1,1,1
Jake Shaffer,1,1,1,1,1,1,1
Jake Skole,0,1,0,0,0,0,0
Jake Smolinski,1,2,1,1,1,1,1
Jake Wald,1,1,1,0,0,0,0
James Beresford,0,1,2,1,1,0,0
James Darnell,1,1,1,1,1,1,1
James Jones,0,1,1,1,1,1,1
James McCann,1,1,1,1,1,1,1
James Ramsay,0,1,1,0,0,0,0
James Ramsey,0,2,0,1,1,1,1
James Rapoport,2,2,1,1,1,0,1
James Robbins,1,0,0,0,0,0,0
James Tomlin,1,1,1,2,1,1,1
Jamie D'Antona,1,1,1,2,2,2,2
Jamie Hoffmann,2,1,1,1,1,1,1
Jamie Johnson,2,2,2,1,2,1,1
Jamie Romak,1,1,1,1,1,1,1
Jamie Westbrook,1,0,2,1,1,1,1
Jared James,0,1,1,1,1,1,1
Jared King,1,1,1,0,0,0,0
Jared Mitchell,0,2,0,0,1,1,1
Jared Prince,1,0,2,0,0,1,1
Jarek Cunningham,1,1,0,0,0,1,0
Jarrett Hoffpauir,1,1,2,1,1,1,1
Jarrett Parker,1,1,0,1,1,1,1
Jarrod Saltalamacchia,0,2,1,0,1,1,1
Jason Bourgeois,1,1,1,1,1,1,1
Jason Delaney,1,2,1,1,2,1,1
Jason Donald,0,1,1,2,2,2,2
Jason Hagerty,0,2,1,1,1,1,1
Jason Krizan,1,1,2,1,1,1,1
Jason Martinson,1,1,0,0,0,1,1
Jason Pridie,1,1,1,0,0,0,0
Jason Rogers,2,1,1,1,1,2,1
Jason Van Kooten,1,1,1,1,1,2,2
Jason Vosler,1,1,1,1,1,1,1
Javier Betancourt,0,1,1,0,0,0,0
Javier Brito,1,2,1,2,2,2,2
Javier Castillo,1,1,1,1,1,1,1
Javier Colina,0,1,1,0,0,1,0
Javier Guzman,1,0,2,1,0,1,1
Jay Caligiuri,1,2,1,0,1,1,1
Jay Johnson,1,1,1,1,1,1,1
Jayce Boyd,1,1,1,1,2,1,1
Jaycob Brugman,2,1,1,1,1,1,1
Jayson Langfels,1,1,0,0,0,1,0
Jean Segura,1,0,1,2,1,1,1
Jed Lowrie,0,2,1,2,2,2,2
Jeff Baisley,1,1,1,1,1,1,1
Jeff Bianchi,1,1,1,1,1,0,0
Jeff Corsaletti,2,2,1,1,2,1,1
Jeff Dominguez,0,1,1,0,0,0,0
Jeff Fiorentino,1,1,1,1,1,1,1
Jeff Frazier,1,1,2,2,1,1,1
Jeff Kindel,2,1,1,1,1,1,1
Jeff Larish,2,2,1,1,2,2,2
Jeff Natale,1,2,2,1,2,1,1
Jefry Marte,1,1,1,1,1,1,1
Jemel Spearman,0,1,1,1,1,1,1
Jeremy Barfield,1,1,1,1,1,1,1
Jeremy Hazelbaker,1,1,0,1,1,1,1
Jeremy Lucas,0,1,1,1,1,1,1
Jeremy Moore,1,1,0,2,1,1,1
Jeremy Slayden,2,1,1,2,2,2,2
Jeremy West,1,1,2,1,1,1,1
Jermaine Curtis,1,1,2,2,2,1,1
Jerrick Suiter,0,1,1,1,1,1,1
Jerry Gil,1,0,1,1,0,2,2
Jesmuel Valentin,0,1,1,1,1,1,1
Jesse Winker,1,2,1,1,2,1,1
Jesus Aguilar,2,1,1,1,1,1,1
Jesus Cota,1,1,1,0,0,1,0
Jesus Guzman,1,1,1,1,1,1,1
Jesus Merchan,1,1,2,2,2,1,2
Jesus Valdez,2,0,1,1,1,1,1
Jeudy Valdez,1,0,1,0,0,1,1
Jhon Florentino,1,1,1,1,1,1,1
Jiandido Tromp,1,0,1,1,1,2,1
Jim Adduci,1,1,1,2,2,1,1
Jim Fasano,0,1,1,1,1,1,1
Jim Gallagher,2,2,1,1,2,1,1
Jim Murphy,2,1,1,1,1,1,1
Jim Negrych,1,1,2,2,1,1,1
Jimmy Paredes,0,0,1,1,0,1,1
Jimmy Van Ostrand,0,1,1,1,1,2,2
Jio Mier,1,1,1,0,1,0,0
Jiwan James,0,0,0,1,0,1,0
Joc Pederson,1,2,1,1,2,2,2
Joe Benson,1,1,1,1,1,2,2
Joe Gaetti,1,1,1,2,1,2,2
Joe Jackson,1,1,1,1,1,1,1
Joe Koshansky,2,1,1,1,1,2,2
Joe Leonard,1,1,1,1,1,1,1
Joe McCarthy,2,2,1,1,2,1,2
Joe Panik,2,1,2,1,1,1,1
Joe Sever,1,1,1,1,1,1,1
Joel Guzman,1,1,1,1,1,2,2
Joey Butler,2,1,1,1,1,1,1
Joey DeMichele,1,1,1,0,0,1,0
Joey Meneses,0,1,1,1,1,1,1
Joey Terdoslavich,1,2,1,1,1,1,1
Joey Votto,2,2,1,2,2,2,2
Johan Camargo,1,0,1,1,0,1,1
Johan Limonta,1,1,1,2,2,2,2
Johermyn Chavez,1,1,0,0,1,1,1
John Bowker,2,1,1,2,1,2,2
John Drennen,1,1,2,2,1,1,1
John Jaso,1,2,2,2,2,2,2
John Matulia,1,1,1,1,1,1,1
John Norwood,1,1,0,1,1,1,1
John Raglani,1,2,0,1,1,1,1
John Raynor,1,1,1,2,2,2,2
John Shelby,1,1,1,1,0,1,1
John Tolisano,1,1,1,0,1,1,1
John Whittleman,1,2,0,0,1,1,1
Johnny Davis,2,1,1,1,1,0,0
Johnny Field,1,1,1,1,1,1,1
Johnny Giavotella,2,1,2,2,2,1,2
Johnny Monell,1,1,1,1,1,1,1
Johnny Raburn,0,2,2,2,2,1,1
Jon Berti,2,0,1,1,1,1,1
Jon Gaston,1,1,1,1,0,1,1
Jon Griffin,0,1,0,0,0,1,1
Jon Jay,1,1,2,2,2,1,2
Jon Kemmer,1,1,1,2,2,2,2
Jon Singleton,1,2,0,1,2,1,2
Jon Still,2,1,0,0,0,1,1
Jon Zeringue,2,1,1,1,1,1,1
Jonathan Ash,1,0,2,2,1,1,1
Jonathan Davis,2,2,1,1,1,1,1
Jonathan Diaz,0,2,2,0,1,0,0
Jonathan Greene,1,0,0,1,1,1,1
Jonathan Herrera,2,1,2,1,1,0,0
Jonathan Lucroy,1,2,2,1,2,1,1
Jonathan Meyer,1,1,1,1,1,1,1
Jonathan Rodriguez,1,2,1,1,2,1,1
Jonathan Schoop,2,1,1,1,1,1,1
Jonel Pacheco,1,1,1,1,1,1,1
Jonny Tucker,1,1,2,1,1,1,1
Jordan Brown,2,1,2,2,2,2,2
Jordan Czarniecki,1,1,1,1,1,1,1
Jordan Henry,1,2,1,1,1,0,0
Jordan Kreke,0,0,1,0,0,0,0
Jordan Lennerton,2,2,0,1,1,2,2
Jordan Smith,1,1,1,1,1,1,1
Jordan Tarsovich,0,2,1,0,1,0,1
Jordany Valdespin,1,0,1,2,1,2,1
Jordy Lara,1,1,1,1,1,1,1
Jordy Mercer,1,0,2,1,1,1,1
Jorge Alfaro,1,0,0,1,1,1,1
Jorge Bonifacio,2,1,1,0,0,1,1
Jorge Cortes,1,1,2,1,2,1,1
Jorge Flores,1,1,1,1,1,1,1
Jorge Jimenez,2,1,2,1,1,1,1
Jorge Padilla,1,1,1,2,1,1,1
Jorge Polanco,1,1,1,1,1,1,1
Jose Briceno,0,1,1,0,0,0,0
Jose Cardona,1,0,2,1,1,1,1
Jose Castro,0,0,2,0,0,0,0
Jose Constanza,2,2,2,1,2,0,1
Jose Coronado,1,1,1,1,1,0,0
Jose Duarte,1,1,1,1,1,1,1
Jose Marmolejos,1,1,1,1,1,1,1
Jose Martinez,1,1,2,1,1,1,1
Jose Pirela,1,1,1,1,1,1,1
Jose Ramirez,1,1,2,1,1,1,1
Jose Rondon,0,0,1,1,1,1,1
Jose Ruiz,1,1,1,1,1,1,1
Jose Tabata,1,1,1,1,1,1,1
Jose Trevino,1,0,2,1,0,0,0
Joseph Dunigan,1,1,0,1,1,2,1
Josh Anderson,2,0,2,2,1,1,1
Josh Asanovich,1,1,1,1,1,0,0
Josh Bell,1,1,1,2,2,2,2
Josh Bonifay,1,1,1,1,1,2,1
Josh Donaldson,2,2,1,1,2,1,1
Josh Fellhauer,0,2,1,2,2,1,1
Josh Fuentes,1,0,1,2,1,2,2
Josh Harrison,2,0,2,2,1,1,1
Josh Horton,1,1,1,1,1,1,1
Josh Johnson,1,2,1,1,1,1,1
Josh Phegley,0,0,1,1,0,1,0
Josh Prince,1,2,1,1,1,1,1
Josh Richmond,0,1,1,1,1,1,1
Josh Rodriguez,2,2,1,1,1,1,1
Josh Rutledge,0,0,1,2,1,2,2
Josh Satin,0,2,1,2,2,2,2
Josh Thole,1,1,2,2,2,1,1
Josh VanMeter,1,1,1,1,1,1,1
Josh Vitters,1,0,2,1,1,1,1
Josh Whitaker,0,1,1,1,1,1,1
Josh Whitesell,1,2,0,1,2,2,2
Josmil Pinto,1,2,1,2,2,2,2
Juan Ciriaco,1,1,1,0,0,0,0
Juan Diaz,1,1,1,1,1,1,1
Juan Francisco,1,0,1,1,1,2,1
Juan Gonzalez,0,1,1,1,1,1,1
Juan Lagares,2,1,1,1,1,1,1
Juan Perez,1,0,1,1,1,1,1
Juan Portes,1,1,1,0,0,0,0
Juan Richardson,1,1,1,2,2,2,2
Junior Lake,1,1,1,1,1,1,1
Juremi Profar,1,0,1,1,0,1,1
Jurickson Profar,2,1,1,1,1,1,1
Justin Bloxom,2,2,1,1,1,1,1
Justin Bour,2,1,1,1,1,1,1
Justin Christian,1,1,1,1,1,1,1
Justin Greene,1,1,1,2,2,1,1
Justin Henry,1,2,2,2,2,1,1
Justin Nelson,0,1,0,1,1,2,2
Justin O'Conner,1,0,0,0,0,1,0
Justin Ruggiano,1,2,1,1,2,2,2
Justin Sellers,1,1,1,1,1,1,1
Justin Trapp,0,1,1,0,0,0,0
Justin Williams,0,1,1,2,1,2,2
K.C. Hobson,1,1,1,0,0,1,0
KC Serna,0,1,1,2,1,1,1
KD Kang,0,1,0,1,1,1,1
Kala Ka'aihue,1,2,0,1,2,1,2
Kaleb Cowart,1,1,1,0,0,0,0
Karexon Sanchez,0,1,0,0,1,0,0
Kean Wong,1,1,1,1,1,1,1
Keenan Wiley,1,1,1,0,1,0,0
Keenyn Walker,2,2,0,0,1,0,0
Keith Curcio,1,1,1,0,0,0,0
Kelby Tomlinson,1,1,1,1,1,0,1
Kelly Hunt,0,0,0,0,0,1,1
Kenny Wilson,2,1,1,1,1,1,1
Kennys Vargas,0,1,1,1,1,2,2
Kentrail Davis,1,2,1,1,1,1,1
Keon Barnum,0,1,0,0,0,1,1
Keon Broxton,1,2,0,1,1,2,2
Ketel Marte,1,0,1,2,1,1,1
Keury De La Cruz,1,0,1,0,0,1,0
Kevan Smith,1,1,1,1,2,1,1
Kevin Ahrens,1,1,1,0,1,1,1
Kevin Cron,2,1,0,1,1,2,1
Kevin Howard,0,1,1,1,1,1,1
Kevin Kaczmarski,1,1,1,1,1,1,1
Kevin Keyes,1,1,1,0,1,1,1
Kevin Kiermaier,0,1,1,2,1,1,1
Kevin Mahar,2,0,1,1,1,2,1
Kevin Mattison,2,1,1,1,1,1,1
Kevin Melillo,1,2,1,1,1,1,1
Kevin Nolan,1,1,2,1,1,1,1
Kevin Randel,0,2,1,1,2,2,2
Kevin Taylor,1,2,2,1,2,1,1
Kiel Roling,1,1,1,1,1,2,1
Kila Ka'aihue,0,2,1,0,0,0,0
Kirk Nieuwenhuis,1,1,1,1,1,2,2
Koby Clemens,1,2,0,1,1,2,1
Kody Kirkland,1,1,0,0,0,1,1
Kolten Wong,2,1,2,1,1,1,1
Konrad Schmidt,1,1,1,2,2,2,2
Kory Casto,2,2,1,1,2,2,2
Kristopher Negron,2,1,1,1,1,1,1
Kurt Mertins,2,1,1,1,1,1,1
Kurt Suzuki,1,2,2,1,2,1,1
Kyle Bellows,1,1,1,0,0,0,0
Kyle Blanks,2,1,1,2,2,2,2
Kyle Haines,0,2,1,1,1,0,1
Kyle Hudson,1,2,1,1,2,0,1
Kyle Jensen,1,2,0,0,1,1,1
Kyle Johnson,0,1,1,1,1,1,1
Kyle Kubitza,1,2,0,2,2,2,2
Kyle Martin,1,1,0,0,0,1,1
Kyle Parker,1,1,1,1,1,2,2
Kyle Reynolds,0,1,1,1,0,1,1
Kyle Roller,1,1,0,1,1,1,1
Kyle Russell,1,1,0,1,1,2,2
Kyle Skipworth,1,1,0,0,0,1,0
Kyle Waldrop,1,1,1,2,1,1,1
L.J. Hoes,0,1,1,2,2,1,1
L.J. Mazzilli,0,1,1,0,1,0,1
LaMonte Wade,1,2,1,1,2,1,1
Lance Zawadzki,0,1,1,1,1,1,1
Lane Adams,1,1,1,1,1,1,1
Lars Anderson,1,2,1,0,1,1,1
Leandro Castro,1,0,1,1,1,1,1
Lee Haydel,1,1,1,1,1,0,1
Lee Mitchell,1,2,0,1,1,1,1
Leo Daigle,1,1,0,0,1,1,1
Leon Landry,1,0,1,1,0,0,0
Leonard Davis,1,1,1,1,1,1,1
Leonardo Reginatto,1,1,1,1,1,0,1
Leury Garcia,0,0,1,1,1,1,1
Logan Forsythe,1,2,1,1,2,0,1
Logan Moon,0,1,0,1,1,1,0
Logan Parker,1,1,1,0,1,0,0
Logan Watkins,2,2,1,1,2,1,1
Lonnie Chisenhall,1,1,1,1,1,1,1
Lorenzo Scott,1,2,0,1,1,1,1
Lou Marson,0,2,1,2,2,1,2
Lou Palmisano,0,2,1,1,1,1,1
Lou Santangelo,0,1,1,1,0,0,0
Lucas Duda,1,2,1,1,2,1,1
Lucas May,1,1,0,0,0,1,1
Luis Alfonso Cruz,1,0,2,1,0,1,1
Luis Bolivar,0,1,1,2,1,1,1
Luis Domoromo,1,0,1,1,0,1,0
Luis Durango,2,2,2,1,2,0,1
Luis Exposito,2,1,1,1,1,1,1
Luis Guillorme,2,2,2,1,2,0,1
Luis Hernandez,0,0,2,1,0,0,0
Luis Jimenez,1,1,1,1,1,2,2
Luis Martinez,0,2,1,1,1,1,1
Luis Mendez,0,1,1,0,0,0,0
Luis Montanez,1,1,2,2,2,2,2
Luis Nunez,1,1,2,1,0,1,1
Luis Urias,1,2,2,2,2,1,1
Luis Valbuena,1,1,1,0,1,1,1
Luke Maile,0,1,1,1,1,1,1
Luke Montz,1,2,1,1,2,2,2
Luke Murton,1,1,1,1,1,1,1
Luke Tendler,1,1,1,1,1,1,1
Luke Voit,2,1,1,2,1,2,2
Malquin Canelo,1,1,0,0,0,0,0
Manny Machado,1,1,1,1,1,1,1
Manny Mayorson,1,1,2,1,1,1,1
Marc Krauss,1,2,1,1,2,2,2
Marc Maddox,1,1,1,1,1,1,1
Marcos Vechionacci,1,1,0,1,1,1,1
Marcus Lemon,1,1,1,1,1,0,1
Marcus Semien,1,2,1,1,2,2,2
Mario Lisson,1,1,1,0,0,1,0
Mark Canha,1,1,1,1,1,1,1
Mark Dolenc,1,1,0,1,1,1,1
Mark Hallberg,1,1,2,1,1,0,0
Mark Jurich,0,1,1,1,1,1,1
Mark Kiger,1,2,1,2,2,2,2
Mark Ori,1,1,1,1,1,0,1
Mark Shorey,1,1,0,2,1,2,1
Mark Sobolewski,0,0,1,1,1,1,1
Mark Trumbo,2,1,1,1,1,1,1
Mark Wagner,0,1,1,0,0,1,1
Marquez Smith,1,1,1,1,1,1,1
Marshall Hubbard,1,2,1,1,2,1,2
Marvin Lowrance,0,1,1,1,1,1,1
Mason Robbins,1,0,2,1,0,0,0
Mason Williams,2,1,2,0,0,0,0
Mat Gamel,2,1,1,2,2,2,2
Matt Adams,1,1,1,2,1,2,2
Matt Beaty,1,1,2,2,2,2,2
Matt Camp,2,1,2,1,1,0,0
Matt Carpenter,1,2,1,2,2,2,2
Matt Carson,1,1,1,1,0,1,1
Matt Chapman,1,1,0,1,1,2,2
Matt Clark,2,1,0,1,1,2,1
Matt Curry,1,1,0,1,1,2,2
Matt Davidson,2,2,1,1,1,2,2
Matt Dominguez,2,1,1,1,1,1,1
Matt Duffy,0,1,1,2,2,1,2
Matt Esquivel,1,1,1,1,1,1,1
Matt Fields,1,1,0,0,1,2,1
Matt Hague,2,1,2,2,2,1,1
Matt Joyce,1,1,0,1,1,1,1
Matt Juengel,1,1,1,1,0,1,1
Matt LaPorta,1,1,1,1,2,2,2
Matt Lawson,1,1,1,1,1,1,1
Matt Lipka,1,0,1,1,0,0,0
Matt Mangini,1,1,1,1,1,1,1
Matt McBride,0,0,2,1,1,1,1
Matt Miller,1,1,2,2,1,1,1
Matt Moses,1,1,1,1,0,1,0
Matt Oberste,1,1,1,1,1,1,1
Matt Olson,2,2,0,1,2,1,1
Matt Rizzotti,2,2,1,2,2,2,2
Matt Skole,2,2,1,1,1,1,1
Matt Szczur,2,1,2,1,1,1,1
Matt Tuiasosopo,2,2,1,1,1,1,1
Matt Young,2,2,2,1,2,1,1
Matthew Allegra,0,1,0,1,1,1,1
Matthew Brown,2,1,1,1,1,2,2
Matthew Maniscalco,0,1,1,0,1,0,0
Matthew Spencer,0,1,1,1,1,1,1
Matthew Sulentic,1,1,1,1,1,1,1
Matthew Whitney,1,1,1,1,1,1,1
Mauricio Ramos,1,0,1,1,1,1,1
Mauro Gomez,2,1,1,1,1,2,1
Max Kepler,1,2,2,2,2,2,2
Max Moroff,2,1,1,1,2,1,1
Max Muncy,1,2,1,1,2,1,1
Max Schrock,1,1,2,2,2,1,1
Max White,1,2,0,1,1,1,1
Mel Rojas Jr.,1,1,1,1,1,1,1
Melky Mesa,1,1,0,1,1,1,1
Melvin Dorta,1,1,2,1,1,1,1
Micah Schnurstein,1,0,1,0,0,0,0
Michael A. Taylor,1,1,0,2,2,2,2
Michael Almanzar,2,1,1,1,1,1,1
Michael Bertram,0,1,0,1,1,1,1
Michael Brantley,1,1,2,2,2,1,1
Michael Burgess,0,1,1,1,1,1,1
Michael Choice,0,1,1,1,1,1,1
Michael Collins,1,0,1,1,0,0,0
Michael Crouse,0,1,0,1,1,1,1
Michael De Leon,0,0,2,0,0,0,0
Michael Hollimon,2,1,1,1,1,2,2
Michael Martinez,0,0,1,1,0,1,1
Michael McKenry,0,2,1,1,2,1,2
Michael Mitchell,1,0,1,0,0,0,0
Michael Myers,1,1,1,1,1,1,1
Michael Reed,0,2,1,1,2,1,1
Michael Russell,1,1,1,1,0,1,1
Michael Sheridan,1,1,1,1,0,1,1
Michel Abreu,1,1,1,2,2,2,2
Miguel Abreu,1,0,2,1,0,1,1
Miguel Negron,1,1,1,1,1,1,1
Miguel Perez,1,0,1,1,0,0,0
Miguel Rojas,1,1,2,0,0,0,0
Mike Bell,1,0,1,1,0,1,1
Mike Bianucci,2,0,1,1,0,2,1
Mike Carp,1,2,1,1,2,1,1
Mike Costanzo,2,2,0,1,1,2,2
Mike Daniel,1,1,1,1,1,1,1
Mike Ford,0,2,1,1,2,1,2
Mike Freeman,1,2,1,1,1,0,0
Mike Gerber,0,1,1,1,1,2,2
Mike Kvasnicka,0,1,1,1,0,1,1
Mike McCoy,2,1,1,1,1,0,0
Mike McDade,1,1,1,1,1,1,1
Mike O'Neill,1,2,2,2,2,1,1
Mike Ohlman,1,1,1,1,1,1,1
Mike Olt,1,2,0,1,2,2,2
Mike Paulk,1,2,1,1,2,1,1
Mike Rodriguez,1,1,1,1,0,1,0
Mike Spina,2,2,1,1,2,1,1
Mike Stodolka,1,2,1,1,2,1,2
Mike Tauchman,2,1,2,1,1,1,1
Mike Trout,0,1,1,2,2,2,2
Mike Walker,1,1,0,0,1,1,1
Mike Wilson,1,2,0,1,2,2,2
Mike Yastrzemski,1,1,1,1,1,1,1
Mikie Mahtook,2,1,1,1,1,1,1
Miles Durham,2,1,0,1,1,1,1
Mitch Canham,1,1,1,1,1,1,1
Mitch Delfino,1,1,1,1,1,0,0
Mitch Einertson,0,1,1,1,1,1,1
Mitch Garver,0,1,1,1,1,1,1
Mitch Maier,2,1,1,2,1,2,2
Mitch Walding,0,1,0,0,1,2,2
Moises Sierra,2,1,1,1,1,1,1
Mycal Jones,1,1,1,1,1,1,1
Myles Schroder,0,0,1,1,0,1,0
Myron Leslie,1,2,1,1,1,1,1
Nate Freiman,2,1,1,2,1,2,2
Nate Gold,1,1,1,1,2,2,2
Nate Hanson,0,1,1,1,1,1,1
Nate Orf,1,2,1,1,2,1,1
Nate Schierholtz,1,0,1,1,1,1,1
Nate Spears,2,2,1,1,2,1,2
Nate Sutton,1,1,1,1,1,1,1
Nathan Lukes,0,1,1,1,1,1,1
Neftali Soto,0,0,1,1,1,2,2
Neil Sellers,1,1,1,1,1,1,1
Neil Walker,1,1,1,1,1,1,1
Nellie Rodriguez,2,2,0,1,1,2,1
Nelson Ward,1,1,0,0,1,0,0
Nevin Ashley,0,1,1,1,1,1,1
Nick Ahmed,1,1,1,0,0,0,0
Nick Basto,1,1,0,1,1,1,1
Nick Buss,2,1,2,1,1,1,1
Nick Ciuffo,0,1,1,1,1,1,1
Nick Evans,1,1,1,1,1,2,2
Nick Gordon,2,1,1,1,1,1,1
Nick Hundley,1,1,1,1,1,2,1
Nick Noonan,0,0,1,0,0,0,0
Nick Ramirez,1,1,0,0,1,1,1
Nick Schulz,1,1,1,1,1,1,1
Nick Shaw,1,2,1,1,1,0,1
Nick Stavinoha,1,1,1,2,1,1,1
Nick Tanielu,0,0,1,1,0,1,0
Nick Torres,1,0,1,1,1,1,1
Nick Weglarz,1,2,0,0,1,1,1
Nick Williams,1,1,1,2,1,2,2
Niuman Romero,2,1,2,2,1,1,1
Noah Perio,1,1,2,1,1,1,1
Noel Cuevas,1,0,1,1,0,1,0
Nolan Arenado,2,1,2,1,1,1,1
Nolan Reimold,2,1,1,1,1,2,2
Nomar Mazara,1,1,1,1,1,1,1
Noochie Varner,1,1,1,1,1,1,1
O'Koyea Dickson,1,1,2,1,1,2,1
Odubel Herrera,0,0,1,1,1,1,1
Ofilio Castro,0,1,2,1,1,1,1
Ole Sheldon,1,2,1,1,2,1,1
Ollie Linton,1,1,1,2,2,1,1
Olmo Rosario,1,0,1,2,1,2,1
Omar Carrizales,1,1,1,1,1,1,1
Omar Luna,1,1,2,2,1,1,1
Onil Joseph,0,0,1,1,0,0,0
Orlando Arcia,2,0,1,2,1,1,1
Orlando Calixte,1,1,1,1,0,1,1
Oscar Mercado,1,1,1,1,1,1,1
Oscar Taveras,1,1,2,2,2,2,2
Oscar Tejeda,1,0,1,1,0,1,0
Osvaldo Abreu,1,0,1,1,0,0,0
Ozzie Chavez,0,1,1,1,1,0,0
Ozzie Martinez,1,1,2,1,1,1,1
P.J. Pilittere,0,0,2,1,1,0,0
Pablo Reyes,1,1,1,1,1,1,1
Paco Figueroa,0,1,2,1,1,1,1
Pat Osborn,1,1,1,1,0,0,0
Pat Valaika,1,0,1,1,0,1,1
Patrick Kivlehan,1,1,1,2,2,2,2
Patrick Leonard,1,1,0,1,1,1,1
Patrick Wisdom,1,1,0,0,0,1,1
Paul DeJong,2,1,0,1,1,1,1
Paul Goldschmidt,1,2,1,2,2,2,2
Paul Gran,1,1,0,0,1,0,1
Paul Janish,0,2,1,1,1,0,1
Paulo Orlando,1,0,2,1,1,1,1
Pedro Ciriaco,1,0,1,2,1,1,1
Pedro Florimon,1,1,1,1,1,1,1
Pete Kozma,1,1,1,0,0,1,0
Peter Bourjos,1,1,1,1,1,1,1
Peter Ciofrone,0,1,1,1,1,1,1
Peter Lavin,1,1,1,1,1,1,1
Peter Mooney,1,1,2,1,1,0,1
Phil Gosselin,2,1,1,1,1,0,0
Phillip Ervin,1,2,1,0,1,1,1
Phillip Evans,0,0,1,2,2,2,2
Prentice Redman,0,1,1,1,1,1,1
Preston Beck,0,1,1,0,0,0,0
Quincy Latimore,1,1,0,1,1,1,1
Quintin Berry,1,1,1,1,1,0,1
Rafael Bautista,2,1,1,1,1,0,1
Rafael Ortega,0,1,1,1,1,1,1
Rafael Ynoa,1,1,1,1,1,1,1
Raimel Tapia,1,0,2,2,1,1,1
Ramiro Pena,1,1,1,1,1,1,1
Ramon Cabrera,1,1,2,1,1,1,1
Ramon Flores,2,2,1,1,1,1,1
Ramon Laureano,1,1,1,0,0,1,1
Randal Grichuk,2,0,1,1,0,2,1
Rando Moreno,1,1,2,1,1,0,1
Rangel Ravelo,2,1,1,2,2,2,2
Rashad Crawford,0,1,1,0,0,0,0
Rashad Eldridge,1,1,1,1,1,1,1
Raudy Read,1,1,1,1,1,1,1
Raul Reyes,0,0,1,1,1,1,1
Rawley Bishop,1,1,1,1,1,1,1
Ray Chang,1,1,2,2,2,1,1
Ray Sadler,2,1,1,1,1,1,1
Raymond Kruml,1,1,1,1,1,1,1
Rayner Bautista,1,0,0,1,0,1,0
Rebel Ridling,1,1,1,2,1,2,2
Reegie Corona,1,1,1,1,1,1,1
Reese Havens,0,2,0,0,1,1,1
Reid Brignac,2,1,1,1,1,1,1
Reid Gorecki,0,1,1,1,1,2,1
Renato Nunez,0,1,1,1,1,2,1
Rene Tosoni,1,1,1,1,1,1,1
Renny Osuna,1,1,2,1,1,1,1
Rex Rundgren,0,1,1,0,0,0,0
Rey Fuentes,1,1,1,1,1,1,1
Rey Navarro,1,0,2,1,1,1,1
Reynaldo Rodriguez,1,1,1,1,1,2,1
Rhyne Hughes,1,1,0,1,1,1,1
Rhys Hoskins,2,2,1,1,2,2,2
Ricardo Nanita,1,1,2,1,1,1,1
Ricardo Sosa,1,1,1,1,1,1,1
Rich Poythress,1,1,1,1,1,1,1
Richard Lewis,0,1,1,1,1,0,0
Richard Urena,2,0,1,1,0,1,0
Richie Robnett,1,1,0,1,1,1,1
Richie Shaffer,1,1,0,0,1,1,1
Rick Hague,1,1,1,1,0,1,1
Ricky Oropesa,1,1,0,1,1,1,1
Rico Noel,2,1,1,1,1,0,1
Rio Ruiz,1,2,1,0,1,0,0
Rob Cosby,1,0,1,1,0,1,1
Rob Segedin,0,2,1,1,2,1,1
Robbie Grossman,2,2,1,1,2,1,1
Robbie Widlansky,2,1,1,2,2,1,2
Robby Price,1,1,2,0,1,0,0
Robert Valido,0,0,1,0,0,0,0
Roberto Lopez,1,1,1,1,1,1,1
Rodney Choy Foo,1,2,1,1,1,1,1
Roemon Fields,2,1,1,0,0,0,0
Roger Bernadina,0,1,1,1,1,1,1
Roger Kieschnick,1,1,0,1,1,1,1
Ron Acuna,1,1,1,1,1,0,0
Ronald Bermudez,0,0,1,1,1,1,1
Ronald Guzman,0,1,1,1,1,2,1
Ronald Torreyes,1,1,2,1,1,1,1
Ronnie Merrill,1,1,1,1,1,1,1
Ronnie Welty,1,1,0,0,1,1,1
Ronny Rodriguez,1,0,1,1,0,1,0
Rosell Herrera,1,1,1,1,2,1,1
Rowdy Tellez,1,2,1,2,2,2,2
Ruben Tejada,2,1,2,1,1,1,1
Rubi Silva,1,0,1,1,1,2,1
Ruddy Yan,0,1,2,1,1,0,0
Rudy Flores,1,1,0,1,1,1,1
Russ Canzler,0,1,1,1,1,2,2
Russell Mitchell,1,1,1,1,1,1,1
Rusty Ryal,1,1,1,1,1,1,1
Ryan Adams,2,1,1,2,1,1,1
Ryan Bear,1,1,1,1,1,1,1
Ryan Brett,1,0,1,2,1,1,1
Ryan Casteel,1,1,1,1,1,1,1
Ryan Cavan,1,1,1,0,0,0,0
Ryan Cordell,1,1,1,1,1,2,1
Ryan Curry,0,0,2,1,0,1,1
Ryan Finan,1,1,1,1,1,1,1
Ryan Goins,2,1,2,1,1,1,1
Ryan Goleski,1,1,1,1,1,1,1
Ryan Harvey,0,1,0,1,1,2,1
Ryan Jackson,2,1,1,1,1,1,1
Ryan Kalish,1,1,1,1,1,1,1
Ryan Khoury,1,2,1,0,1,0,0
Ryan Klosterman,0,1,1,0,1,0,0
Ryan LaMarre,1,1,1,1,1,1,1
Ryan Lollis,1,1,2,1,1,1,1
Ryan McBroom,2,1,1,1,1,1,1
Ryan McMahon,1,1,0,1,1,1,1
Ryan Mulhern,1,1,0,1,1,1,1
Ryan O'Hearn,1,1,0,1,1,1,1
Ryan Patterson,1,0,1,1,0,1,1
Ryan Roberson,1,1,0,1,1,2,2
Ryan Schimpf,1,2,0,0,1,1,1
Ryan Strausborger,1,1,1,0,0,1,0
Ryan Walker,1,1,1,0,1,0,0
Ryan Wheeler,1,1,1,1,1,1,1
Ryder Jones,1,0,1,1,0,1,1
Rymer Liriano,0,1,0,1,1,1,1
Ryon Healy,2,0,1,2,1,1,1
Salvador Sanchez,1,0,1,0,0,1,1
Sam Fuld,0,1,2,1,1,1,1
Samir Duenez,2,1,1,1,0,1,1
Sawyer Carroll,1,1,1,1,1,1,1
Scooter Gennett,2,0,2,1,1,1,1
Scott Beerer,1,0,1,1,0,0,0
Scott Campbell,1,2,2,2,2,1,1
Scott Cousins,1,1,1,1,1,1,1
Scott Heineman,1,1,1,1,1,1,1
Scott Moore,1,1,1,1,1,2,2
Scott Savastano,1,1,1,1,1,1,1
Scott Schebler,2,1,1,1,1,2,2
Scott Van Slyke,1,2,1,2,2,2,2
Sean Coyle,0,1,0,2,1,2,2
Sean Danielson,0,1,2,1,1,1,1
Sean Halton,1,1,1,2,1,1,1
Sean Henry,1,1,1,1,1,1,1
Sean Jamieson,0,1,1,2,1,1,1
Sean Kazmar,1,1,1,1,1,1,1
Sean Rodriguez,2,1,1,1,1,1,1
Sebastian Elizalde,1,0,1,2,1,1,1
Sebastien Boucher,1,2,1,1,1,0,0
Sergio Miranda,0,1,2,1,1,0,0
Sergio Santos,1,1,1,1,1,2,1
Seth Johnston,1,1,1,1,0,1,1
Seth Loman,1,1,1,1,1,1,1
Seth Mejias-Brean,1,2,1,1,1,1,1
Seth Smith,2,1,2,1,1,2,2
Shane Justis,1,1,2,1,1,1,1
Shane Opitz,0,0,2,0,0,0,0
Shane Peterson,1,1,1,1,1,1,1
Shannon Wilkerson,1,1,1,1,1,1,1
Shaun Cumberland,1,1,1,1,1,1,1
Shaun Larkin,1,1,2,1,1,1,1
Shawn Bowman,0,1,0,1,1,1,1
Shawn Pleffner,1,1,1,1,1,1,1
Shelley Duncan,0,1,1,1,1,2,1
Sherman Johnson,2,2,1,0,1,0,0
Simon Klink,1,1,0,1,1,1,1
Slade Heathcott,1,1,1,1,1,1,1
Socrates Brito,1,0,1,2,1,1,1
Starling Marte,2,0,1,2,1,2,2
Stefan Gartrell,1,1,1,1,1,2,1
Stefan Welch,0,2,0,0,1,1,1
Steffan Wilson,1,1,1,0,0,0,0
Stephen Bruno,0,1,1,1,1,1,1
Stephen Head,1,0,1,1,1,1,1
Stephen Parker,2,2,1,1,2,1,1
Stephen Vogt,1,1,2,2,1,2,2
Stetson Allie,1,1,0,0,1,1,1
Steve Moss,2,2,0,0,1,1,1
Steve Singleton,2,1,2,1,1,1,1
Steve Sollmann,2,1,2,1,2,1,1
Steve Tolleson,0,1,1,2,2,1,2
Steven Hill,1,1,1,1,1,2,2
Steven Moya,2,0,0,1,0,2,2
Steven Murphy,2,0,1,1,1,1,1
Stuart Turner,0,1,1,0,1,0,0
T.J. Steele,1,0,0,0,0,1,0
T.J. White,0,1,1,1,1,2,2
Taylor Ard,0,1,0,0,0,1,0
Taylor Featherston,2,1,1,1,1,1,1
Taylor Green,1,1,1,1,1,1,1
Taylor Harbin,1,1,1,1,1,1,1
Taylor Lindsey,2,1,1,1,1,1,1
Taylor Motter,1,1,1,1,1,1,1
Teodoro Martinez,1,0,1,1,0,1,0
Teoscar Hernandez,1,1,0,0,0,1,0
Thairo Estrada,2,1,2,2,1,1,1
Thomas Collaro,1,0,0,0,0,1,1
Thomas Coyle,0,2,0,0,1,1,1
Thomas Neal,1,1,1,2,2,1,1
Tim Anderson,2,0,1,2,1,1,1
Tim Beckham,1,1,1,1,1,1,1
Tim Brown,0,1,1,1,1,1,1
Tim Fedroff,1,1,1,1,1,1,1
Tim Locastro,0,0,1,1,1,1,1
Tim Lopes,2,1,1,1,1,1,1
Tim Torres,0,2,1,1,2,2,2
Tim Wheeler,2,1,1,1,1,2,2
Todd Cunningham,1,1,2,2,1,1,1
Todd Frazier,1,1,1,1,1,2,2
Todd Glaesmann,1,0,1,0,0,1,1
Todd Hankins,1,1,1,1,0,1,0
Tom Belza,1,1,1,2,2,1,1
Tomas Nido,0,1,1,0,0,1,0
Tommy Everidge,2,1,1,1,1,1,1
Tommy Field,2,1,1,1,1,1,1
Tommy Joseph,1,1,1,1,1,1,1
Tommy Mendonca,2,1,0,1,1,2,1
Tony Abreu,1,1,1,1,1,1,1
Tony Blanco,1,1,1,2,2,2,2
Tony Campana,2,1,1,2,2,1,1
Tony Cruz,1,1,1,0,0,1,0
Tony Granadillo,0,2,1,0,1,0,1
Tony Plagman,1,1,1,0,0,1,1
Tony Renda,1,1,2,1,1,1,1
Tony Sanchez,1,1,1,1,1,0,0
Tony Thomas,1,1,0,1,1,1,1
Tony Wolters,0,1,1,1,1,0,0
Tonys Gutierrez,1,2,1,1,2,1,1
Travis Demeritte,1,1,0,0,0,1,1
Travis Harrison,1,2,1,0,1,1,1
Travis Jones,1,1,1,1,1,1,1
Travis Mattair,1,1,1,0,1,1,1
Travis Metcalf,1,1,1,0,0,0,0
Travis Shaw,1,2,1,0,1,1,1
Travis Snider,1,2,0,1,1,1,1
Travis Taijeron,0,2,0,1,1,2,2
Travis Witherspoon,1,1,1,0,0,0,0
Travis d'Arnaud,1,1,1,2,1,2,2
Trayce Thompson,2,1,0,0,1,1,1
Trayvon Robinson,1,2,0,2,2,1,2
Trent Oeltjen,1,1,2,2,2,1,1
Trever Adams,1,1,1,1,1,1,1
Trevor Crowe,2,1,2,1,1,1,1
Trevor Plouffe,2,1,1,1,1,1,1
Trey Michalczewski,1,1,0,0,1,1,1
Troy Hanzawa,1,1,1,1,0,0,0
Troy Tulowitzki,1,1,1,1,1,2,2
Tucker Barnhart,0,1,1,1,1,1,1
Tuffy Gosewisch,0,0,1,1,0,1,1
Ty France,0,0,1,1,1,1,1
Ty Morrison,1,1,1,1,1,1,1
Ty Wright,1,1,2,1,1,1,1
Tyler Austin,1,1,1,1,1,1,1
Tyler Bortnick,0,1,1,1,1,1,1
Tyler Collins,1,1,1,0,1,1,1
Tyler Colvin,2,1,1,1,1,1,1
Tyler Goeddel,1,1,1,1,1,1,1
Tyler Greene,0,0,0,1,1,1,1
Tyler Henley,1,1,1,2,1,2,2
Tyler Henson,1,1,0,1,1,1,1
Tyler Holt,2,1,1,1,1,1,1
Tyler Krieger,1,1,1,0,0,0,0
Tyler Kuhn,1,1,1,2,2,1,1
Tyler Ladendorf,1,1,1,0,1,0,0
Tyler Marincov,1,1,1,1,1,1,1
Tyler Marlette,0,1,1,1,1,1,1
Tyler Massey,1,1,1,1,1,1,1
Tyler Moore,2,0,0,1,1,2,2
Tyler O'Neill,2,1,0,1,2,2,2
Tyler Pastornicky,0,1,2,2,1,1,1
Tyler Saladino,1,2,1,0,1,0,0
Tyler Smith,1,1,1,1,1,1,1
Tyler Wade,2,1,1,1,1,1,1
Tyrone Taylor,1,1,2,1,1,0,0
Tzu-Wei Lin,0,1,1,0,0,0,0
Van Pope,1,1,1,0,1,1,0
Vasili Spanos,1,1,1,1,1,1,1
Vic Buttler,1,1,2,1,1,1,1
Victor Caratini,1,1,1,1,2,1,1
Victor Cruzado,0,2,1,1,1,1,1
Victor Reyes,1,0,1,1,1,1,1
Vince Faison,1,1,1,1,1,1,1
Vince Sinisi,1,1,1,1,1,1,1
Vincent Blue,1,1,1,0,1,0,0
Vinnie Catricala,1,1,1,0,0,0,0
Viosergy Rosa,1,2,1,1,1,1,1
Wade Gaynor,1,1,0,0,0,1,0
Wade Hinkle,0,1,1,1,1,1,1
Wes Hodges,2,1,1,1,1,1,1
Whitney Robbins,1,1,1,1,1,1,1
Wil Myers,0,2,1,1,1,1,1
Wilberto Ortiz,1,1,2,1,1,0,0
Wilfredo Tovar,1,1,2,1,1,0,1
Wilin Rosario,1,0,1,1,0,1,1
Wilkin Castillo,1,0,1,2,1,1,1
Wilkin Ramirez,1,1,0,2,1,2,2
Will Middlebrooks,0,0,0,2,1,2,2
Will Rhymes,2,1,2,2,1,1,1
Will Swanner,0,1,0,1,1,1,1
Will Venable,2,1,1,1,1,1,1
Willie Argo,1,2,1,0,1,0,0
Willie Cabrera,0,1,2,1,1,1,1
Willie Calhoun,2,1,2,1,1,2,1
Willson Contreras,1,1,2,2,2,2,2
Willy Adames,2,2,1,1,1,1,1
Willy Garcia,1,0,0,1,1,2,1
Wilmer Difo,1,1,2,1,1,1,1
Wilson Batista,1,1,1,1,1,1,1
Wladimir Balentien,1,2,0,0,1,1,1
Wladimir Sutil,1,1,2,1,1,0,1
Wyatt Mathisen,1,1,1,1,1,1,1
Wynton Bernard,2,1,2,2,1,1,1
Xavier Avery,2,1,0,1,1,0,1
Xavier Paul,1,1,1,1,1,1,1
Xavier Scruggs,1,2,0,1,1,1,1
Yadir Drake,0,1,2,1,1,0,0
Yairo Munoz,0,0,1,0,0,1,0
Yancarlos Ortiz,0,1,1,0,1,0,0
Yandy Diaz,2,2,2,2,2,1,1
Yangervis Solarte,1,0,2,2,1,1,2
Yasiel Balaguert,1,1,1,1,1,1,1
Yefri Perez,0,1,1,1,1,0,0
Yeison Asencio,1,0,2,1,1,1,1
Yem Prades,1,0,1,1,0,1,1
Yorman Rodriguez,1,1,1,1,1,1,1
Yu-Cheng Chang,1,1,0,0,1,1,1
Yunel Escobar,1,1,1,1,1,1,1
Yunesky Sanchez,1,0,2,2,1,1,1
Zach Collier,1,1,0,0,1,1,0
Zach Daeges,1,2,1,2,2,1,2
Zach Houchins,1,1,1,1,0,1,1
Zach Vincej,1,0,1,1,1,1,1
Zack Cox,0,1,1,1,1,1,1
Zack Cozart,2,1,1,1,1,1,1
Zack Granite,2,1,2,2,1,1,1
Zack Zehner,1,2,0,1,1,1,1
Zelous Wheeler,1,1,1,1,2,1,1
Zoilo Almonte,1,0,1,1,1,2,1
