Name,PA,BB%,K%,BB/K,AVG,OBP,SLG,OPS
A.J. Pollock,1,1,2,1,2,1,1,1
A.J. Reed,2,2,0,1,1,1,2,2
Aaron Bates,1,2,1,1,1,1,1,1
Aaron Cunningham,1,1,1,1,0,1,1,1
Aaron Herr,2,1,0,0,1,1,1,1
Aaron Judge,0,1,0,1,1,1,1,1
Aaron Mathews,2,1,2,2,1,1,1,1
Abraham Almonte,0,2,1,1,2,2,2,2
Abraham M. Nunez,1,1,0,1,1,1,1,1
Abraham O. Nunez,0,2,1,2,0,1,0,0
Adam Brett Walker,2,1,0,0,0,0,1,1
Adam Duvall,1,1,1,1,1,1,2,2
Adam Eaton,2,1,2,2,2,2,2,2
Adam Heether,1,2,1,1,1,2,1,1
Adam Hyzdu,2,2,1,1,1,1,1,1
Adam Jones,1,1,1,1,1,1,2,2
Adam Loewen,2,1,1,1,2,2,2,2
Adam Pavkovich,1,1,1,1,1,1,1,1
Adam Rosales,1,0,1,0,1,1,1,1
Adam Stern,0,0,1,0,1,0,1,0
Adeiny Hechavarria,1,1,1,1,2,1,1,1
Adrian Cardenas,2,1,2,2,2,1,1,1
Adron Chambers,1,1,1,1,1,1,1,1
Alberto Callaspo,2,1,2,2,2,2,1,2
Alberto Gonzalez,1,0,2,1,0,0,0,0
Alcides Escobar,1,1,1,1,1,1,1,1
Alden Carrithers,1,2,2,2,1,2,0,1
Alejandro De Aza,1,1,1,1,2,2,2,2
Alejandro Machado,1,2,2,2,1,1,0,1
Alen Hanson,1,1,1,1,1,1,1,1
Alex Castellanos,0,1,0,1,1,1,2,2
Alex Dickerson,1,1,1,1,2,1,2,2
Alex Hassan,1,2,1,1,1,2,1,1
Alex Liddi,2,1,0,1,1,1,1,1
Alex Presley,0,1,1,1,1,2,1,1
Alex Romero,2,1,2,1,2,1,1,1
Alex Verdugo,1,1,2,2,2,2,1,1
Alex Yarbrough,2,0,0,0,0,0,0,0
Alexi Amarista,0,0,1,1,1,1,1,1
Alfredo Amezaga,1,1,1,1,1,1,1,1
Allan Dykstra,1,2,1,2,1,2,2,2
Allen Craig,1,1,1,1,1,1,1,1
Amed Rosario,1,0,1,1,2,1,1,1
Anderson Hernandez,1,1,1,1,1,0,0,0
Andres Blanco,1,1,1,1,0,0,0,0
Andres Torres,1,2,1,1,1,1,1,1
Andrew Aplin,1,1,1,1,0,0,0,0
Andrew Beattie,1,1,1,1,1,1,1,1
Andrew Brown,1,1,1,1,1,1,2,2
Andrew Knapp,1,1,0,1,1,1,1,1
Andrew McCutchen,2,1,1,2,1,1,1,1
Andrew Romine,1,1,1,1,1,1,1,1
Andy Burns,1,1,1,1,1,1,0,0
Andy Cannizaro,1,1,2,2,1,1,1,1
Andy Gonzalez,1,1,1,1,1,1,1,1
Andy Green,2,2,1,2,1,2,1,1
Andy LaRoche,0,1,1,1,1,1,1,1
Andy Marte,1,1,1,1,1,1,2,2
Andy Parrino,1,1,1,1,0,1,0,0
Andy Tracy,2,2,1,1,1,1,1,1
Andy Wilkins,1,1,1,1,1,1,2,1
Angel Chavez,1,0,1,1,1,1,1,1
Angel Sanchez,1,1,2,2,2,2,1,1
Angelys Nina,1,0,2,1,1,1,1,1
Anthony Contreras,1,0,1,0,1,0,1,1
Anthony Gose,1,1,0,1,1,1,1,1
Anthony Recker,0,2,1,1,1,2,2,2
Anthony Rizzo,0,1,1,1,2,2,2,2
Anthony Seratelli,1,2,1,1,1,2,1,1
Argenis Diaz,1,1,1,1,1,1,0,0
Argenis Reyes,0,1,2,1,1,1,1,1
Arismendy Alcantara,1,1,0,0,1,0,1,1
Asdrubal Cabrera,1,1,1,1,0,0,0,0
Audy Ciriaco,0,1,1,1,1,0,1,1
Austin Barnes,0,1,1,2,1,2,1,1
Austin Jackson,2,1,1,1,1,1,1,1
Austin Nola,0,0,1,1,1,0,1,0
Austin Wates,1,1,1,2,1,1,1,1
Balbino Fuenmayor,0,0,1,0,1,1,1,1
Barbaro Canizares,2,1,2,1,2,1,1,1
Ben Copeland,0,2,1,2,1,2,1,1
Ben Francisco,1,1,1,1,1,1,1,1
Ben Gamel,2,1,1,1,2,1,1,1
Ben Guez,1,1,0,1,0,1,1,1
Ben Paulsen,1,1,0,1,1,1,2,2
Bernie Castro,1,1,1,1,1,1,0,1
Billy Burns,0,1,1,1,1,1,0,1
Billy Hamilton,2,1,1,1,1,0,0,0
Blake Davis,0,1,1,1,1,0,0,0
Blake DeWitt,0,2,2,2,1,1,1,1
Bobby Scales,1,2,1,1,1,2,1,2
Brad Coon,1,2,1,2,1,2,0,1
Brad Eldred,1,1,0,0,1,1,2,2
Brad Nelson,1,1,1,1,1,1,1,1
Brad Snyder,1,1,0,1,1,1,2,2
Brandon Allen,1,2,1,1,1,2,2,2
Brandon Barnes,1,1,0,0,1,1,1,1
Brandon Boggs,1,2,0,1,1,1,1,1
Brandon Dixon,1,1,0,1,1,1,1,1
Brandon Guyer,1,1,1,1,2,2,2,2
Brandon Hicks,0,1,0,1,1,1,1,1
Brandon Jones,0,1,1,1,1,1,1,1
Brandon Laird,1,0,1,1,1,1,1,1
Brandon Larson,0,1,0,1,1,1,1,1
Brandon Moss,2,1,0,1,1,1,1,1
Brandon Nimmo,1,1,1,1,2,2,2,2
Brandon Snyder,1,1,1,1,1,1,1,1
Brandon Watson,1,0,2,1,1,1,1,1
Brandon Wood,1,1,1,1,1,1,2,2
Brendan Harris,1,1,1,1,1,1,1,1
Brendan Katin,1,1,0,1,1,1,2,2
Brendan Ryan,0,1,1,1,0,1,0,0
Brennan Boesch,0,1,1,1,2,2,2,2
Brennan King,1,1,1,1,1,1,1,1
Brent Abernathy,1,1,2,2,1,1,0,0
Brent Butler,1,0,2,1,1,0,0,0
Brent Clevlen,2,1,0,1,1,1,1,1
Brent Dlugach,1,1,0,0,1,1,1,1
Brent Lillibridge,0,1,1,1,0,0,0,0
Brent Morel,1,1,1,1,1,1,1,1
Brett Carroll,1,1,1,1,1,1,1,1
Brett Eibner,1,1,1,1,2,1,2,2
Brett Gardner,1,2,1,2,1,2,1,1
Brett Harper,1,1,2,1,1,1,2,1
Brett Jackson,1,1,0,1,1,1,1,1
Brett Nicholas,1,1,1,1,1,1,1,1
Brett Phillips,1,1,0,1,2,2,2,2
Brett Pill,2,0,2,1,1,1,1,1
Brett Wallace,1,1,1,1,1,1,1,1
Breyvic Valera,1,1,2,2,2,1,1,1
Brian Barden,1,1,1,1,1,1,1,1
Brian Barton,1,1,0,1,1,1,1,1
Brian Bixler,1,1,0,1,1,1,1,1
Brian Bocock,1,1,1,1,0,0,0,0
Brian Bogusevic,2,1,1,1,1,1,1,1
Brian Dinkelman,2,1,1,1,1,1,0,0
Brian Goodwin,1,1,1,1,1,1,1,1
Brian Myrow,1,2,1,2,2,2,2,2
Brock Bond,1,2,2,2,2,2,1,1
Brock Peterson,1,1,1,1,1,1,1,1
Brock Stassi,1,2,1,2,1,1,1,1
Bronson Sardinha,1,1,1,1,0,0,1,1
Brooks Conrad,2,1,1,1,0,1,1,1
Bryan Anderson,0,1,1,1,0,0,0,0
Bryan LaHair,2,1,1,1,1,1,2,2
Bryan Petersen,2,1,0,1,1,1,1,1
Bryce Brentz,1,1,1,1,1,1,2,2
Bubba Bell,0,1,1,1,1,1,1,1
Buck Britton,0,1,2,1,1,0,1,0
Buck Coats,1,1,1,1,1,1,1,1
ByungHo Park,1,1,0,0,1,0,1,1
Caleb Gindl,1,1,1,1,1,1,1,1
Caleb Ramsey,1,1,1,1,1,1,0,0
Callix Crabbe,2,2,1,2,1,2,1,1
Cameron Perkins,1,0,1,1,1,1,1,1
Carlos Asuaje,2,1,1,1,2,2,1,1
Carlos Maldonado,0,1,1,1,1,1,1,1
Carlos Moncrief,2,1,0,0,1,1,1,1
Carlos Peguero,1,1,0,1,1,1,2,1
Carlos Pena,1,2,1,1,1,2,1,2
Carlos Quentin,0,1,2,2,1,2,1,2
Carlos Rivera,1,0,2,1,2,1,1,1
Carlos Rivero,1,1,1,1,1,1,1,1
Carlos Ruiz,1,1,1,1,2,2,2,2
Carlos Sanchez,1,1,1,1,1,1,0,0
Carlos Triunfel,1,0,1,0,1,0,1,1
Carter Jurica,0,1,1,1,0,1,0,0
Casey Gillaspie,1,1,1,1,0,0,1,0
Casey McGehee,2,1,1,1,1,1,1,1
Casey Rogowski,1,1,1,1,1,1,1,1
Casey Smith,1,0,1,1,1,1,1,1
Casper Wells,1,1,0,1,0,0,1,1
Cedric Hunter,1,1,2,1,1,1,1,1
Cesar Crespo,1,1,1,1,0,1,0,0
Cesar Hernandez,1,1,1,1,2,2,1,1
Chad Allen,1,1,1,1,2,1,2,2
Chad Hermansen,1,1,0,1,1,1,1,1
Chad Huffman,1,1,1,1,1,1,1,1
Chad Mottola,1,1,1,1,1,1,1,1
Chad Pinder,1,0,1,0,1,0,1,1
Chad Tracy,2,1,1,1,1,1,1,1
Chance Sisco,0,1,0,1,1,1,1,1
Charles Thomas,1,1,1,1,1,1,1,1
Charlie Culberson,1,0,1,0,1,0,1,1
Charlie Tilson,0,1,1,1,1,1,1,1
Charlton Jimerson,1,0,0,0,0,0,1,1
Chase Lambin,2,1,1,1,1,1,1,1
Chase d'Arnaud,1,1,1,1,1,1,0,0
Che-Hsuan Lin,1,2,1,2,0,1,0,0
Cheslor Cuthbert,1,1,1,1,1,1,1,1
Chesny Young,1,1,1,1,1,0,0,0
Chin-lung Hu,2,0,2,1,1,1,1,1
Chip Ambres,1,1,1,1,1,1,1,1
Choo Freeman,1,1,1,1,1,1,1,1
Chris Aguila,1,1,0,1,1,1,2,2
Chris Barnwell,1,1,1,1,1,1,1,1
Chris Basak,0,1,1,1,1,1,1,1
Chris Carter,2,1,1,1,1,1,2,2
Chris Colabello,1,1,1,1,1,2,2,2
Chris Davis,1,1,1,1,2,2,2,2
Chris Denorfia,1,1,2,1,1,1,1,1
Chris Dickerson,0,2,0,1,1,1,1,1
Chris Dominguez,1,0,0,0,1,1,1,1
Chris Frey,1,0,2,1,1,1,1,1
Chris Getz,1,1,2,2,2,1,1,1
Chris Heintz,0,0,1,1,1,1,1,1
Chris Johnson,0,0,1,0,1,1,1,1
Chris Lubanski,0,1,0,1,1,1,2,1
Chris Marrero,1,1,1,1,1,1,1,1
Chris McGuiness,1,2,1,2,1,1,1,1
Chris Owings,2,0,1,0,2,1,1,1
Chris Pettit,0,1,1,1,2,2,1,2
Chris Rahl,0,0,1,0,1,0,1,1
Chris Richard,1,2,1,1,1,2,2,2
Chris Roberson,1,1,2,1,1,1,1,1
Chris Shelton,2,2,1,1,1,2,1,1
Chris Taylor,0,2,1,2,1,2,1,1
Chris Valaika,1,0,1,1,1,0,1,1
Chris Woodward,1,1,1,1,1,1,1,1
Chris Young,1,1,1,1,1,1,2,2
Christian Colon,1,1,2,2,1,1,1,1
Christian Colonel,1,1,1,1,1,1,1,1
Christian Lopes,0,1,1,2,1,1,1,1
Christian Villanueva,1,1,1,1,1,1,1,1
Christian Walker,2,1,1,1,1,1,1,1
Christopher Bostick,2,1,1,1,1,1,1,1
Chun-Hsiu Chen,0,1,0,1,0,0,0,0
Cito Culver,0,1,0,0,0,0,1,0
Clay Timpner,1,1,1,1,1,1,0,0
Clete Thomas,0,1,0,0,0,0,1,1
Cliff Pennington,0,1,1,2,1,1,1,1
Clint Barmes,1,0,2,1,1,1,1,1
Clint Robinson,2,1,1,2,1,2,1,2
Cody Asche,1,1,1,1,1,1,1,1
Cody Decker,1,1,0,1,1,1,2,1
Cody Overbeck,1,1,0,0,1,0,1,1
Cody Ransom,1,1,1,1,1,1,2,2
Colby Rasmus,0,2,1,1,1,1,1,1
Cole Figueroa,1,1,2,2,1,1,0,1
Cole Garner,1,1,1,1,2,1,2,2
Cole Gillespie,1,2,1,2,1,2,1,2
Colin Moran,1,1,0,1,1,1,1,1
Collin Cowgill,1,1,1,1,1,1,1,1
Conor Gillaspie,1,1,1,2,1,1,1,1
Cord Phelps,1,2,1,1,1,1,1,1
Corey Brown,1,1,0,1,1,1,1,1
Corey Patterson,0,0,1,0,1,0,1,1
Corey Seager,1,1,1,1,1,1,1,1
Corey Wimberly,2,1,2,2,1,1,0,1
Cory Sullivan,0,1,1,1,2,1,1,1
Craig Brazell,1,0,1,0,2,1,2,2
Craig Cooper,0,1,1,1,0,1,1,1
Craig Gentry,1,1,1,1,1,1,0,0
Craig Stansberry,1,1,1,1,1,1,1,1
Craig Wilson,1,1,0,1,1,1,1,1
Cristhian Adames,1,1,2,1,2,1,1,1
Curtis Thigpen,0,0,1,1,0,0,0,0
D.J. Peterson,1,1,1,1,1,1,1,1
Dallas McPherson,1,1,0,1,1,1,2,2
Damon Hollins,0,2,1,1,0,1,1,1
Dan Johnson,1,2,1,2,1,2,1,2
Dane Sardinha,0,0,1,0,0,0,0,0
Daniel Castro,1,0,2,1,2,1,1,1
Daniel Descalso,2,1,2,2,1,1,1,1
Daniel Fields,2,2,0,1,0,1,1,1
Daniel Nava,2,2,1,2,1,1,1,1
Daniel Ortmeier,1,1,1,1,1,1,1,1
Daniel Robertson,2,1,2,2,1,1,1,1
Daniel Vogelbach,2,2,1,2,1,2,1,2
Danny Dorn,1,1,1,1,1,1,1,1
Danny Garcia,1,1,1,1,0,1,0,0
Danny Hayes,1,2,0,1,0,1,1,1
Danny Klassen,1,1,0,1,1,1,1,1
Danny Muno,1,2,1,1,1,1,1,1
Danny Ortiz,1,0,1,0,1,0,1,1
Danny Richar,1,1,1,1,1,1,1,1
Danny Sandoval,1,0,2,1,1,1,1,1
Danny Worth,0,1,0,1,2,2,1,2
Daric Barton,2,2,2,2,1,2,1,1
Dariel Alvarez,2,0,1,1,1,1,1,1
Darin Mastroianni,1,1,1,1,1,1,0,1
Darin Ruf,0,1,1,1,1,1,2,2
Darnell McDonald,2,1,1,1,1,1,1,1
Darnell Sweeney,1,1,1,1,1,1,1,1
Darren Ford,1,1,1,1,1,1,1,1
Darwin Barney,1,0,2,1,1,1,1,1
Daryle Ward,0,1,1,1,1,1,1,1
Dave Krynzel,0,1,0,1,0,0,0,0
Dave Sappelt,2,1,1,1,1,0,1,1
David Cooper,2,2,2,2,2,2,2,2
David Espinosa,0,1,1,1,0,0,0,0
David Freese,1,1,1,1,2,1,2,2
David Lough,2,1,2,1,1,1,1,1
David Murphy,1,1,1,1,1,1,1,1
David Newhan,0,1,1,1,1,1,1,1
David Washington,0,1,0,0,1,1,2,1
David Winfree,1,0,1,0,1,1,1,1
Dayan Viciedo,1,1,1,1,1,1,2,2
Dayron Varona,1,0,1,0,0,0,1,0
Dean Anna,2,2,2,2,1,2,1,1
Dee Brown,1,1,1,2,1,1,1,1
Dee Gordon,1,2,1,1,1,2,1,1
Deibinson Romero,1,2,1,1,1,1,1,1
Delwyn Young,2,1,1,1,1,1,1,1
Denard Span,2,1,1,1,1,1,0,0
Denis Phipps,1,1,1,1,0,0,1,1
Derek Fisher,0,1,1,1,2,2,2,2
Derrick Robinson,1,1,1,1,1,1,0,0
Derrik Gibson,0,1,1,1,0,0,1,1
Desmond Jennings,1,1,1,1,1,1,1,1
Destin Hood,2,1,1,1,1,1,1,1
Deven Marrero,0,1,1,1,0,0,0,0
Devin Mesoraco,1,1,1,1,1,1,1,2
Diego Goris,1,0,1,1,1,1,1,1
Dilson Herrera,1,1,1,1,1,1,1,1
Diory Hernandez,1,0,1,0,1,1,1,1
Dixon Machado,2,1,1,1,1,1,0,0
Domingo Santana,1,2,0,1,2,2,2,2
Dominic Smith,1,1,1,1,2,2,2,2
Domonic Brown,1,1,1,1,0,0,0,0
Don Kelly,1,1,2,2,1,1,1,1
Donovan Solano,1,0,1,1,2,1,1,1
Doug Bernier,1,1,1,1,1,1,1,1
Doug Clark,2,1,1,1,1,1,1,1
Doug Deeds,2,1,1,1,2,2,2,2
Drew Dosch,1,1,0,1,1,1,1,1
Drew Garcia,0,1,0,0,0,0,0,0
Drew Locke,1,1,1,1,1,1,1,1
Drew Meyer,0,1,1,1,0,0,0,0
Drew Robinson,2,2,0,1,1,1,1,1
Drew Stubbs,1,1,1,1,1,1,0,1
Drew Sutton,1,2,1,1,1,1,0,1
Drew T. Anderson,1,0,1,0,1,1,1,1
Dustin Ackley,1,1,1,2,1,1,1,1
Dustin Martin,2,1,1,1,1,1,1,1
Dustin Pedroia,1,1,2,2,2,2,1,1
Dwight Smith Jr.,1,1,1,1,1,1,1,1
Dylan Cozens,2,1,0,1,0,0,1,1
Earl Snyder,1,1,1,1,0,0,1,1
Ed Lucas,1,1,1,1,1,1,1,1
Ed Rogers,1,0,1,1,1,1,1,1
Eddy Garabito,2,1,2,2,1,1,0,0
Edgar Gonzalez,2,1,1,1,2,2,1,1
Eduardo Escobar,2,0,1,0,1,0,0,0
Eduardo Nunez,1,1,2,1,1,1,1,1
Edward Salcedo,0,1,1,1,0,0,0,0
Edwin Maysonet,1,1,1,1,1,1,1,1
Efren Navarro,2,1,1,1,1,1,1,1
Eider Torres,1,1,1,1,1,1,0,0
Elian Herrera,1,1,1,1,1,1,1,1
Elliot Johnson,1,1,1,1,1,1,1,1
Emilio Bonifacio,1,1,1,1,2,1,1,1
Emmanuel Burriss,1,1,2,2,1,1,0,1
Engel Beltre,1,1,1,1,1,1,1,1
Eric Bruntlett,1,1,1,1,0,0,1,1
Eric Campbell,1,2,1,2,2,2,1,2
Eric Duncan,1,1,1,1,0,0,1,0
Eric Farris,2,0,2,1,1,1,0,0
Eric Munson,0,2,1,2,1,1,1,1
Eric Patterson,2,1,1,1,2,1,1,1
Eric Reed,0,0,1,0,2,1,1,1
Eric Sogard,2,2,2,2,1,2,1,1
Eric Thames,0,1,0,1,1,1,1,1
Eric Wood,1,1,0,1,0,0,1,1
Eric Young Jr.,1,1,1,1,1,2,1,1
Erick Almonte,1,2,1,2,1,1,1,1
Erik Gonzalez,1,0,1,0,1,1,1,1
Erik Kratz,0,1,1,1,1,1,1,1
Ernesto Mejia,2,1,0,0,1,1,2,1
Ernie Young,0,1,1,1,1,1,1,1
Esteban German,2,2,2,2,1,2,1,1
Eugenio Velez,1,1,1,1,1,1,1,1
Eury Perez,1,0,1,0,1,1,1,1
Evan Frey,1,2,1,2,1,1,1,1
Ezequiel Carrera,1,1,1,1,1,1,1,1
Felix Perez,1,0,1,1,1,1,1,1
Felix Pie,2,1,1,1,1,1,1,1
Fernando Cortez,1,0,2,1,0,0,0,0
Fernando Perez,1,1,0,1,1,1,0,0
Fernando Tatis,2,1,1,1,1,1,1,1
Franchy Cordero,0,0,0,0,2,1,2,2
Francisco Cervelli,0,1,1,1,0,1,0,0
Francisco Peguero,1,0,1,0,1,0,1,1
Frank Schwindel,0,0,1,0,2,1,2,2
Franklin Barreto,1,0,0,0,1,1,1,1
Franklin Gutierrez,0,2,1,1,1,1,1,1
Fred Lewis,1,2,1,1,1,2,1,1
Freddie Freeman,1,1,1,1,2,2,2,2
Freddy Guzman,1,1,2,2,1,1,1,1
Freddy Sandoval,2,1,2,1,2,2,2,2
Garin Cecchini,1,1,1,1,0,1,0,0
Garrett Jones,2,1,1,1,1,1,1,1
Gary Brown,2,0,1,0,0,0,1,0
Gary Burnham,2,2,2,2,1,2,1,1
Gavin Cecchini,1,1,2,2,1,1,1,1
George Kottaras,1,2,0,1,0,1,1,1
Geovany Soto,0,1,1,1,2,2,2,2
Gil Velazquez,1,1,1,2,1,2,1,1
Giovanny Urshela,1,0,2,1,1,0,1,1
Glenn Williams,1,1,1,1,0,0,1,0
Gookie Dawkins,1,1,1,1,1,0,0,0
Gorkys Hernandez,1,1,1,1,1,1,1,1
Grant Green,1,0,1,1,2,1,1,1
Greg Dobbs,0,1,1,1,2,2,1,1
Greg Garcia,0,1,1,1,1,2,1,1
Greg Golson,1,0,1,0,1,0,1,1
Greg Halman,1,1,0,0,0,0,2,1
Gregor Blanco,1,2,1,1,1,1,0,0
Gregorio Petit,1,1,1,1,1,1,1,0
Hank Conger,1,2,1,2,1,2,1,1
Harrison Bader,1,1,0,0,1,1,1,1
Hector Gimenez,0,1,1,1,1,1,1,1
Hector Gomez,1,0,1,0,1,1,1,1
Hector Luna,1,1,1,1,1,1,1,1
Henry Alejandro Rodriguez,1,0,1,1,1,1,0,0
Henry Mateo,1,1,1,1,1,1,0,0
Henry Urrutia,1,1,1,1,1,1,1,1
Hernan Iribarren,1,1,1,1,1,1,1,1
Hernan Perez,2,0,2,1,1,1,1,1
Howie Clark,1,1,2,2,2,1,1,1
Hunter Brown,1,2,1,1,1,1,1,1
Hunter Dozier,1,1,1,1,1,1,2,2
Hunter Morris,2,1,1,1,0,0,1,1
Hunter Renfroe,2,0,1,0,2,1,2,2
Ian Stewart,1,1,1,1,2,2,1,2
Ildemaro Vargas,2,0,2,1,2,1,1,1
Irving Falu,1,1,2,2,1,1,1,1
Isaac Galloway,1,0,1,0,1,0,1,0
Ivan De Jesus Jr.,1,1,1,1,2,1,1,1
J.B. Shuck,1,1,2,2,1,1,1,1
J.J. Furmaniak,1,1,1,1,0,0,0,0
J.P. Arencibia,1,0,1,0,1,0,2,1
J.P. Crawford,2,2,1,2,0,1,1,1
J.R. House,1,1,2,2,1,1,1,1
JD Closser,0,2,1,2,0,1,1,1
JaCoby Jones,0,1,0,1,0,0,1,1
Jack Cust,2,2,0,2,1,2,2,2
Jack Hannahan,1,2,1,1,1,2,1,1
Jack Reinheimer,2,1,1,1,1,1,1,1
Jacob May,1,1,0,0,0,0,0,0
Jacoby Ellsbury,0,1,2,1,1,1,1,1
Jae-Gyun Hwang,0,1,1,1,1,1,1,1
Jaff Decker,0,2,1,1,1,1,1,1
Jai Miller,1,1,0,1,1,1,2,2
Jake Bauers,2,2,1,1,1,1,1,1
Jake Elmore,1,2,2,2,1,2,1,1
Jake Goebbert,0,2,1,2,1,2,1,1
Jamal Strong,0,1,1,1,0,1,0,0
James Beresford,2,1,1,1,1,1,0,0
James Loney,0,1,2,2,2,2,2,2
James McCann,1,0,1,0,1,1,1,1
James Ramsey,1,1,0,1,1,1,1,1
James Rapoport,1,1,2,2,1,1,0,0
Jamie Burke,0,0,2,1,1,1,1,1
Jamie D'Antona,1,1,2,1,2,2,2,2
Jamie Hoffmann,1,1,1,1,1,1,1,1
Jamie Romak,1,1,1,1,1,1,2,2
Jantzen Witte,0,1,1,1,1,1,0,0
Jared Goedert,1,1,1,1,0,1,1,1
Jared Hoying,1,1,1,1,1,0,1,1
Jarrett Hoffpauir,1,1,2,2,1,1,1,1
Jarrett Parker,1,2,0,1,1,2,2,2
Jason Alfaro,0,1,2,1,1,0,1,1
Jason Botts,1,2,1,2,2,2,2,2
Jason Bourgeois,1,1,2,1,1,1,1,1
Jason Coats,2,0,1,1,1,0,1,1
Jason Cooper,1,1,0,1,0,1,1,1
Jason Dubois,1,1,0,1,1,1,1,1
Jason Ellison,2,1,1,1,1,1,0,0
Jason Hart,1,1,1,1,0,0,1,1
Jason Jaramillo,1,1,1,1,1,1,1,1
Jason Kipnis,0,1,1,1,1,1,1,1
Jason Krizan,0,1,1,1,1,1,1,1
Jason Lane,1,2,1,2,0,1,1,1
Jason Leblebijian,1,1,0,0,1,1,1,1
Jason Martinson,2,1,0,0,0,0,1,0
Jason Perry,0,2,0,1,1,1,2,2
Jason Pridie,2,1,1,1,1,1,1,1
Jason Repko,1,1,1,1,1,1,1,1
Jason Rogers,0,1,1,1,1,1,1,1
Jason Smith,1,0,0,0,1,0,1,1
Jason Wood,1,1,1,1,1,1,1,1
Javier Baez,1,1,0,0,1,1,2,1
Javier Castillo,1,0,1,1,0,0,0,0
Jay Payton,1,0,2,1,2,1,1,1
Jaycob Brugman,1,1,1,1,1,1,1,1
Jayson Nix,1,1,1,1,1,1,1,1
Jed Hansen,0,1,1,1,0,1,1,1
Jedd Gyorko,0,1,1,1,2,2,2,2
Jeff Bailey,1,2,1,1,1,2,1,1
Jeff Baisley,1,1,1,1,1,1,1,1
Jeff Baker,2,1,1,1,2,1,2,2
Jeff Clement,1,1,1,1,1,1,1,1
Jeff Fiorentino,1,1,1,2,2,2,2,2
Jeff Francoeur,1,0,1,0,1,1,1,1
Jeff Frazier,1,1,1,1,1,0,1,1
Jeff Keppinger,1,1,2,2,2,1,1,1
Jeff Kobernus,0,1,1,1,2,1,1,1
Jeff Larish,0,2,0,1,1,1,2,2
Jeff Mathis,0,1,1,1,1,1,1,1
Jeff Salazar,1,1,1,2,1,1,1,1
Jefry Marte,0,1,1,1,1,1,1,1
Jeimer Candelario,1,1,1,1,1,1,1,1
Jemile Weeks,2,2,1,2,1,2,1,1
Jerad Head,1,0,1,0,1,1,2,2
Jeremy Brown,0,2,1,1,1,1,1,1
Jeremy Hazelbaker,1,1,0,0,1,0,1,0
Jeremy Hermida,1,2,1,1,1,2,1,1
Jeremy Moore,1,0,0,0,1,1,2,2
Jeremy Reed,2,1,2,1,1,1,1,1
Jermaine Clark,1,1,1,1,0,1,0,0
Jermaine Curtis,1,2,2,2,1,1,0,1
Jermaine Mitchell,1,1,1,1,1,1,1,1
Jerry Owens,1,1,2,2,1,1,0,1
Jerry Sands,1,1,1,1,1,1,1,1
Jesse Gutierrez,1,1,1,1,1,1,1,1
Jesse Winker,1,2,1,2,2,2,1,1
Jesus Aguilar,2,1,1,1,1,1,1,1
Jesus Feliciano,1,0,2,1,1,1,0,1
Jesus Guzman,1,1,1,1,2,2,2,2
Jesus Merchan,1,0,2,1,2,1,1,1
Jesus Montero,1,1,1,1,2,1,2,1
Jesus Valdez,1,1,1,1,1,1,1,1
Jim Adduci,1,1,1,1,1,1,1,1
Jim Gallagher,2,1,1,2,0,1,1,1
Jim Murphy,1,1,1,1,0,1,1,1
Jim Negrych,1,1,1,1,1,1,1,1
Jim Rushford,1,1,2,2,1,1,0,0
Jimmy Paredes,1,0,1,0,2,1,1,1
Joaquin Arias,1,0,2,1,1,0,1,0
Joc Pederson,2,2,0,1,2,2,2,2
Joe Borchard,1,1,1,1,1,1,1,1
Joe Dillon,0,1,1,1,1,1,1,1
Joe Inglett,1,1,1,1,1,1,1,1
Joe Koshansky,2,2,0,1,1,1,2,2
Joe Leonard,1,0,1,0,0,0,0,0
Joe Mahoney,2,1,1,1,1,1,1,1
Joe McEwing,1,0,1,1,1,1,1,1
Joe Thurston,2,1,2,1,1,1,1,1
Joel Guzman,1,0,1,0,1,0,1,1
Joey Butler,1,2,0,1,1,2,1,1
Joey Gallo,1,2,0,1,0,1,2,2
Joey Terdoslavich,1,1,1,1,1,1,1,1
Joey Votto,2,2,1,1,1,2,1,2
Joey Wendle,2,0,1,0,1,1,1,1
Johan Limonta,1,1,1,1,2,2,1,2
John Andreoli,2,2,0,1,1,1,1,1
John Bowker,1,1,1,2,2,2,2,2
John Gall,1,1,2,1,1,1,1,1
John Hattig,0,1,0,1,1,1,1,1
John Lindsey,1,1,1,1,2,2,2,2
John Mayberry Jr.,1,1,1,1,1,1,1,1
John Nelson,1,1,0,0,0,0,1,1
John Raynor,1,1,0,1,1,1,0,0
John-Ford Griffin,2,1,0,1,1,1,1,1
Johnny Field,1,0,1,0,1,0,1,1
Johnny Giavotella,1,1,2,2,2,2,1,1
Johnny Monell,1,1,1,1,1,1,1,1
Jon Jay,2,0,2,1,1,1,1,1
Jon Kemmer,1,1,0,1,1,1,1,1
Jon Knott,2,1,1,1,1,1,2,2
Jon Singleton,1,2,1,1,0,1,1,1
Jon Weber,1,1,1,1,1,1,1,1
Jonathan Diaz,0,2,1,2,0,1,0,0
Jonathan Galvez,1,1,1,1,1,1,1,1
Jonathan Herrera,1,1,2,2,1,1,0,1
Jonathan Schuerholz,1,1,1,1,0,0,0,0
Jonathan Van Every,1,2,0,1,1,1,2,2
Jordan Brown,1,1,1,1,2,1,1,1
Jordan Danks,1,1,0,1,1,1,1,1
Jordan Lennerton,2,2,1,1,1,1,1,1
Jordan Pacheco,0,1,2,1,1,1,1,1
Jordan Parraz,1,1,1,1,1,1,1,1
Jordan Patterson,1,1,1,1,1,1,2,2
Jorge Bonifacio,2,1,1,1,1,1,1,1
Jorge Padilla,0,1,1,1,2,2,1,1
Jorge Vazquez,1,0,0,0,1,0,2,1
Jorge Velandia,1,0,1,1,1,0,1,1
Jose Constanza,1,1,2,1,2,1,0,1
Jose Iglesias,0,1,1,1,1,0,0,0
Jose Martinez,1,1,1,1,2,2,1,1
Jose Morales,0,1,2,1,2,1,1,1
Jose Offerman,0,2,1,2,0,1,0,0
Jose Peraza,1,0,2,1,1,1,1,1
Jose Pirela,2,1,2,1,2,1,1,1
Josh Anderson,2,0,2,1,1,1,1,1
Josh Barfield,1,0,1,1,1,0,1,0
Josh Bell,1,1,1,1,1,1,1,1
Josh Donaldson,1,1,1,1,1,1,1,1
Josh Fields,1,1,0,1,2,1,1,1
Josh Kroeger,1,1,1,1,1,0,1,1
Josh Labandeira,1,1,2,1,1,1,0,1
Josh Phegley,1,0,1,1,1,1,1,1
Josh Phelps,2,1,1,1,1,1,2,2
Josh Prince,1,2,1,1,0,1,1,1
Josh Rabe,0,1,2,2,1,1,1,1
Josh Reddick,1,0,1,1,1,0,1,1
Josh Rodriguez,1,1,1,1,1,1,1,1
Josh Satin,1,2,1,1,1,2,1,1
Josh Vitters,1,1,1,1,1,1,1,1
Josh Whitesell,2,2,0,1,2,2,2,2
Josh Wilson,1,1,1,1,1,1,1,0
Juan Diaz,1,1,1,0,1,0,1,1
Juan Melo,0,0,1,1,1,0,1,0
Juan Miranda,1,2,1,1,1,2,1,1
Juan Perez,0,0,1,0,1,0,1,1
Julio Borbon,2,1,2,1,1,1,1,1
Jurickson Profar,0,1,2,2,1,2,1,1
Justin Bour,1,1,1,1,2,1,2,2
Justin Christian,1,1,2,1,1,1,1,1
Justin Henry,1,1,1,2,1,1,0,0
Justin Huber,1,1,1,1,1,1,1,1
Justin Leone,1,2,1,1,1,1,1,1
Justin Maxwell,1,2,0,1,0,1,1,1
Justin Ruggiano,2,1,0,1,1,1,1,1
Justin Sellers,0,1,2,1,1,0,0,0
Justin Turner,1,1,2,2,2,1,1,1
Kaleb Cowart,1,1,1,1,1,1,1,1
Kean Wong,0,1,1,1,1,1,0,0
Keith Ginter,1,1,1,1,1,1,1,1
Keith Reed,1,0,1,1,1,1,1,1
Kenny Kelly,0,1,1,1,0,1,0,0
Kennys Vargas,0,2,1,1,0,1,1,1
Kensuke Tanaka,0,1,2,2,2,2,1,1
Kerry Robinson,1,1,2,2,2,1,1,1
Kevin Barker,1,2,1,1,1,1,1,1
Kevin Frandsen,1,0,2,1,1,1,1,1
Kevin Hooper,2,0,1,1,1,0,0,0
Kevin Howard,1,1,2,2,2,2,1,1
Kevin Mahar,0,0,0,0,1,0,1,1
Kevin Mattison,2,1,0,1,0,0,1,1
Kevin Melillo,1,1,1,1,1,1,1,1
Kevin Pillar,1,0,2,1,2,1,2,2
Kevin Reese,1,1,1,1,0,1,1,1
Kevin Russo,1,1,1,1,1,1,0,1
Kevin Thompson,0,1,1,1,1,1,1,1
Kevin Witt,2,1,0,1,1,1,2,2
Kila Ka'aihue,1,2,1,2,1,2,1,2
Koby Clemens,1,1,0,1,0,1,1,1
Kole Calhoun,1,1,1,1,1,1,2,2
Kolten Wong,1,1,1,1,2,1,1,1
Kory Casto,1,1,1,1,1,1,1,1
Koyie Hill,0,1,1,1,1,1,2,1
Kristopher Negron,1,0,1,0,1,0,1,1
Kyle Hudson,1,1,1,1,1,1,0,0
Kyle Jensen,2,1,0,0,1,1,2,1
Kyle Kubitza,1,2,0,1,0,1,1,1
Kyle Parker,2,1,1,1,1,1,1,1
Kyle Roller,1,2,0,1,1,1,1,1
Kyle Wren,2,1,1,1,1,1,1,1
L.J. Hoes,1,2,1,2,1,1,1,1
Larry Broadway,1,2,1,1,1,1,1,1
Lars Anderson,1,2,1,1,1,1,1,1
Lastings Milledge,1,1,2,1,1,1,1,1
Laynce Nix,0,1,1,1,1,1,2,2
Leandro Castro,1,0,1,0,1,0,1,0
Leonys Martin,0,0,1,0,2,1,2,1
Leslie Anderson,1,1,2,1,1,1,1,1
Logan Schafer,1,1,1,1,1,1,1,1
Logan Watkins,1,1,1,1,0,1,1,1
Lorenzo Cain,2,1,1,1,2,2,2,2
Lou Merloni,1,1,2,2,1,1,0,0
Lucas May,0,1,1,1,1,1,2,2
Luis Alfonso Cruz,1,0,2,0,1,0,1,1
Luis Antonio Rodriguez,1,1,2,2,1,1,1,1
Luis Durango,1,1,1,1,1,1,0,1
Luis Figueroa,1,1,2,2,1,1,1,1
Luis Hernandez,1,0,1,1,1,0,0,0
Luis Jimenez,1,1,1,1,1,1,2,1
Luis Matos,1,0,1,1,1,1,0,0
Luis Rivas,1,1,1,1,1,1,1,1
Luis Sardinas,0,0,1,1,1,1,0,0
Luis Terrero,2,1,1,1,1,1,1,1
Luis Valbuena,1,1,1,1,2,1,1,1
Luke Montz,0,1,0,1,0,0,2,1
Mac Williamson,0,1,0,0,0,0,1,1
Maikel Franco,2,0,1,1,1,0,1,1
Manny Alexander,1,1,2,1,1,1,0,0
Manuel Margot,2,1,2,1,2,1,1,1
Marc Maddox,0,1,1,1,1,1,0,0
Mark Bellhorn,0,2,1,1,1,2,1,1
Mark Canha,2,1,1,1,2,2,2,2
Mark Hallberg,1,1,2,2,1,1,1,1
Mark Saccomanno,2,1,1,1,1,1,1,1
Mark Teahen,1,1,1,1,1,1,0,0
Mark Trumbo,2,1,1,1,1,1,2,2
Mark Zagunis,0,2,1,1,1,2,1,2
Martin Prado,1,1,2,2,2,1,1,1
Mason Williams,1,1,1,1,1,0,0,0
Mat Gamel,2,1,1,1,2,1,2,2
Matt Angle,1,1,1,1,1,1,1,1
Matt Antonelli,2,2,1,2,0,1,0,0
Matt Camp,1,1,2,2,1,1,0,0
Matt Carpenter,2,2,2,2,1,2,1,2
Matt Carson,1,1,1,1,1,1,1,1
Matt Clark,2,1,1,1,1,1,2,2
Matt Davidson,2,1,0,1,0,0,1,1
Matt Dominguez,1,0,1,1,1,0,1,1
Matt Downs,1,0,2,1,1,1,2,1
Matt Duffy,1,1,1,1,1,1,1,1
Matt Fields,1,1,0,0,1,1,2,1
Matt Hague,2,1,1,1,1,2,1,1
Matt Joyce,1,2,1,1,1,1,1,2
Matt Juengel,1,1,1,1,1,1,1,1
Matt Kata,1,0,2,1,1,1,1,1
Matt LaPorta,0,1,1,1,1,1,2,2
Matt Long,1,1,1,1,1,1,1,1
Matt Macri,0,1,1,1,0,1,1,1
Matt Mangini,1,0,1,0,2,1,2,2
Matt McBride,1,0,2,1,2,1,2,2
Matt Miller,2,1,1,1,2,2,1,1
Matt Murton,1,1,2,1,2,2,2,2
Matt Olson,2,2,0,1,0,1,1,1
Matt Reynolds,1,1,1,1,1,1,1,1
Matt Skole,2,1,1,1,0,1,1,1
Matt Szczur,1,1,1,1,1,1,0,0
Matt Tolbert,1,1,2,1,1,1,1,1
Matt Tuiasosopo,1,2,0,1,0,1,1,1
Matt Williams,0,2,1,1,1,1,0,1
Matt Young,1,2,1,2,1,2,0,1
Matt den Dekker,0,1,0,1,0,0,0,0
Matthew Brown,1,1,1,1,1,1,2,2
Mauro Gomez,1,1,0,1,1,1,2,2
Max Moroff,1,2,0,1,0,1,0,1
Max Ramirez,1,1,1,1,1,1,1,1
Max Stassi,1,0,0,0,0,0,1,0
Melvin Upton Jr.,1,2,1,1,1,1,1,1
Micah Hoffpauir,1,1,1,2,1,1,2,2
Micah Johnson,1,1,1,1,1,1,0,0
Michael Almanzar,1,0,1,0,0,0,0,0
Michael Aubrey,0,1,2,1,1,1,1,1
Michael Brantley,2,1,2,2,1,1,0,1
Michael Choice,2,1,1,1,1,1,1,1
Michael Martinez,0,1,1,1,1,1,1,1
Michael Morse,1,1,1,1,2,2,2,2
Michael Reed,1,2,0,1,0,1,1,1
Michael Restovich,1,1,0,1,1,1,2,2
Michael Ryan,0,1,1,1,1,1,1,1
Michael Taylor,1,2,1,1,1,1,1,1
Michel Abreu,1,1,2,1,1,1,1,1
Miguel Negron,0,1,1,1,1,1,1,0
Mike Aviles,2,0,2,1,1,1,1,1
Mike Baxter,1,1,1,1,1,1,1,2
Mike Carp,1,1,1,1,1,1,1,1
Mike Cervenak,1,0,2,1,1,1,1,1
Mike Costanzo,2,1,0,1,1,1,1,1
Mike Eylward,1,1,2,1,2,2,1,1
Mike Fontenot,1,1,1,1,1,1,1,1
Mike Freeman,1,1,1,1,2,2,1,1
Mike Hessman,1,1,0,1,0,1,2,1
Mike Jacobs,2,1,1,1,1,1,2,2
Mike Kinkade,1,1,1,1,2,2,1,1
Mike Lamb,1,0,2,1,1,0,1,0
Mike McCoy,1,2,1,2,1,2,1,1
Mike McDade,1,1,0,1,1,0,1,0
Mike Olt,0,2,0,1,0,0,1,0
Mike Paulk,0,1,1,1,1,1,1,1
Mike Rodriguez,1,1,2,2,1,1,1,1
Mike Rose,0,2,0,1,0,1,1,1
Mike Rouse,0,1,1,1,1,1,0,0
Mike Tauchman,1,1,1,1,2,1,1,1
Mikie Mahtook,1,1,0,0,1,1,1,1
Mitch Jones,1,1,0,1,1,1,2,1
Mitch Maier,2,0,1,1,1,1,1,1
Mitch Moreland,0,1,1,1,1,1,1,2
Moises Sierra,1,1,1,1,1,1,1,1
Nate Espy,0,2,1,1,1,1,1,1
Nate Gold,2,1,1,1,1,1,2,1
Nate Orf,1,1,1,1,2,2,1,1
Nate Schierholtz,1,0,1,0,2,1,2,2
Nate Spears,0,1,1,1,0,1,1,1
Nate Sutton,1,1,1,1,1,1,0,1
Nate Tenbrink,1,2,0,1,1,1,1,1
Neftali Soto,1,1,1,1,1,0,1,1
Neil Sellers,1,1,1,1,0,0,0,0
Neil Walker,1,0,1,1,1,0,1,1
Nellie Rodriguez,1,2,0,0,0,0,0,0
Nelson Cruz,1,1,1,1,2,2,2,2
Nick Ahmed,1,1,2,1,2,1,1,1
Nick Buss,2,1,1,1,2,1,1,1
Nick Castellanos,2,1,1,1,1,1,1,1
Nick Evans,2,1,1,1,2,2,1,2
Nick Franklin,1,2,1,1,1,1,1,1
Nick Gorneault,1,1,1,1,1,1,1,1
Nick Green,1,1,1,0,1,0,1,1
Nick Martini,1,2,1,1,2,2,1,1
Nick Noonan,1,1,1,1,1,1,1,0
Nick Stavinoha,2,0,1,1,1,1,1,1
Nick Williams,2,0,0,0,1,0,1,1
Nicky Delmonico,1,1,1,1,1,1,1,1
Niko Goodrum,1,0,0,0,1,0,1,1
Niuman Romero,0,1,1,1,0,0,0,0
Noel Cuevas,2,0,1,0,2,1,1,1
Nolan Fontana,1,2,1,1,0,1,0,1
Nolan Reimold,0,2,1,2,0,1,1,1
Norris Hopper,1,1,2,2,2,1,0,1
O'Koyea Dickson,1,1,1,1,1,1,1,1
Omar Infante,2,0,2,1,1,1,0,0
Omar Quintanilla,0,1,1,1,2,2,1,1
Orlando Arcia,1,1,1,1,1,1,1,1
Orlando Calixte,0,0,1,0,0,0,1,0
Oscar Robles,0,1,2,2,0,1,0,0
Oscar Salazar,1,1,2,1,2,1,2,2
Oswaldo Arcia,0,1,1,1,2,2,2,2
Oswaldo Navarro,1,1,1,1,1,1,0,0
Ozzie Albies,1,1,1,1,1,1,1,1
Patrick Kivlehan,1,1,0,0,1,0,1,1
Patrick Leonard,2,1,1,1,1,1,1,1
Patrick Wisdom,1,1,0,0,0,0,2,1
Paul Janish,0,1,1,1,1,1,0,0
Paul McAnulty,1,1,1,1,1,1,1,1
Paulo Orlando,2,1,1,1,1,1,1,1
Pedro Alvarez,2,1,1,1,0,0,1,1
Pedro Ciriaco,1,0,1,0,1,0,1,0
Pedro Lopez,0,1,1,1,0,0,0,0
Pete Kozma,1,1,1,1,0,0,0,0
Pete Orr,1,0,1,1,1,1,1,1
Peter Bourjos,1,0,1,1,2,1,2,2
Peter Ciofrone,0,1,1,1,2,2,2,2
Peter Mooney,1,1,1,1,0,0,0,0
Peter O'Brien,1,0,0,0,1,1,2,1
Phil Gosselin,0,0,1,1,2,2,1,2
Phillip Ervin,0,1,1,1,1,1,1,1
Phillip Evans,1,1,1,1,1,1,1,1
Prentice Redman,1,1,1,1,1,1,2,2
Preston Tucker,2,1,1,1,1,1,1,1
Quintin Berry,1,2,1,1,1,1,0,0
Rafael Ortega,1,1,2,2,1,2,1,1
Rafael Ynoa,1,1,1,1,1,1,1,1
Rajai Davis,0,1,1,1,1,1,0,0
Ramiro Pena,1,1,1,1,1,1,1,1
Ramon Flores,1,2,1,2,2,2,1,2
Ramon Santiago,0,0,1,0,1,0,0,0
Randal Grichuk,1,0,1,0,1,0,2,1
Randy Ruiz,1,1,1,1,2,2,2,2
Rangel Ravelo,0,1,1,1,1,1,1,1
Raul Gonzalez,1,2,1,2,1,1,1,1
Ray Olmedo,1,0,1,1,1,0,0,0
Reegie Corona,1,1,1,1,0,0,0,0
Reggie Abercrombie,2,0,0,0,1,0,1,1
Reggie Willits,1,2,2,2,2,2,1,2
Reid Brignac,1,1,1,1,1,1,1,1
Reid Gorecki,0,1,1,1,1,1,1,1
Renato Nunez,2,1,0,0,0,0,1,1
Rey Fuentes,1,1,1,1,2,1,1,1
Rey Navarro,1,1,1,1,1,1,1,1
Reynaldo Rodriguez,2,1,1,1,1,0,1,1
Rhyne Hughes,1,1,0,0,1,0,1,1
Rhys Hoskins,1,2,1,2,1,2,2,2
Rich Poythress,0,1,1,1,1,1,1,1
Rich Thompson,1,1,1,1,1,1,1,1
Richie Shaffer,2,2,0,1,0,1,1,1
Rick Ankiel,1,0,1,0,1,0,2,2
Ricky Bell,0,0,1,0,0,0,0,0
Rio Ruiz,1,1,1,1,1,1,1,1
Rob Brantly,0,0,1,1,1,0,0,0
Rob Cosby,1,0,1,0,1,0,1,1
Rob Johnson,1,1,1,1,1,1,1,1
Rob Refsnyder,2,1,1,2,1,1,1,1
Rob Segedin,1,1,1,1,2,2,2,2
Robbie Grossman,0,2,1,1,1,1,0,1
Robby Hammock,0,0,1,1,1,1,2,2
Robert Andino,2,0,1,0,1,0,1,1
Roberto Lopez,1,1,1,1,1,1,1,1
Roemon Fields,0,1,1,1,1,1,0,1
Roger Bernadina,1,2,0,1,1,2,1,1
Roger Kieschnick,0,1,1,1,1,1,1,1
Ronald Calloway,1,1,1,1,1,1,1,1
Ronald Guzman,2,1,1,1,1,1,1,1
Ronald Torreyes,1,0,2,2,1,1,1,1
Ronnier Mustelier,1,1,2,2,1,1,1,1
Ronny Rodriguez,1,0,1,0,1,0,1,1
Rowdy Tellez,1,1,1,1,0,0,0,0
Royce Huffman,1,1,1,1,1,1,1,1
Ruben Gotay,2,2,1,1,1,1,1,1
Rusney Castillo,1,0,1,1,1,0,0,0
Russ Adams,1,1,1,1,1,1,1,1
Russ Canzler,1,1,1,1,1,1,1,1
Russ Johnson,1,2,2,2,1,2,1,1
Russell Mitchell,1,1,1,1,2,1,2,2
Rusty Ryal,1,1,1,1,1,1,1,1
Ryan Adams,0,1,0,0,1,1,1,1
Ryan Court,1,1,0,1,1,1,1,1
Ryan Garko,0,1,1,1,0,1,1,1
Ryan Goins,0,1,1,1,1,1,0,0
Ryan Jackson,1,1,1,1,1,1,1,1
Ryan Langerhans,0,2,0,1,1,2,2,2
Ryan Lollis,1,1,1,1,1,1,0,0
Ryan Ludwick,2,1,0,0,1,1,2,1
Ryan Mulhern,2,1,0,1,1,1,1,1
Ryan O'Hearn,1,1,0,1,1,1,1,1
Ryan Raburn,1,1,1,1,1,1,1,1
Ryan Roberts,1,1,1,1,1,1,1,1
Ryan Rohlinger,1,1,1,1,1,1,1,1
Ryan Shealy,1,2,1,1,1,2,2,2
Ryan Spilborghs,1,1,1,1,1,1,1,1
Ryan Strieby,2,1,0,1,1,1,1,1
Ryan Sweeney,1,1,1,1,1,1,1,1
Ryan Wheeler,1,1,1,1,2,1,2,2
Rymer Liriano,2,1,0,1,1,1,1,1
Sam Fuld,1,2,2,2,1,2,1,1
Sawyer Carroll,0,1,1,1,1,1,1,1
Scott Cousins,1,1,1,1,1,1,1,1
Scott Hairston,1,2,1,1,2,2,2,2
Scott McClain,2,1,1,1,1,1,2,2
Scott Moore,1,1,1,1,1,1,1,1
Scott Schebler,1,1,1,1,0,1,1,1
Scott Seabol,2,1,1,1,1,1,2,2
Scott Thorman,1,1,1,1,1,1,1,1
Scott Van Slyke,0,1,1,1,2,2,2,2
Sean Barker,0,0,0,0,0,0,0,0
Sean Halton,1,1,1,1,1,1,1,1
Sean Kazmar,1,1,1,1,1,1,0,0
Sean Rodriguez,1,2,0,1,1,2,2,2
Sebastian Elizalde,2,1,2,1,1,1,1,1
Sergio Santos,1,0,1,0,0,0,0,0
Seth Bynum,1,1,0,0,1,0,1,1
Seth Mejias-Brean,1,1,1,1,0,0,0,0
Seth Smith,1,1,1,1,2,2,2,2
Shane Peterson,2,2,1,1,1,1,1,1
Shane Robinson,0,1,2,1,1,1,1,1
Shawn Garrett,0,0,1,0,1,0,1,1
Shawn Riggans,1,0,1,1,1,1,1,1
Shelley Duncan,1,2,1,1,1,1,2,2
Sherman Johnson,1,2,1,1,0,1,0,0
Shin-Soo Choo,1,1,1,1,2,2,2,2
Skip Schumaker,0,0,2,1,2,1,1,1
Starling Marte,1,1,1,1,1,1,2,1
Stefan Gartrell,2,1,0,1,1,1,1,1
Stefen Romero,1,1,1,1,1,1,2,1
Stephen Cardullo,1,1,1,1,2,1,2,2
Stephen Parker,1,1,1,1,0,0,0,0
Stephen Piscotty,2,1,2,1,1,1,1,1
Stephen Vogt,0,1,1,1,1,1,1,1
Steve Lombardozzi,0,1,2,1,1,1,0,0
Steve Pearce,1,1,1,1,1,0,1,1
Steve Tolleson,1,1,1,1,1,1,1,1
Steven Moya,1,0,0,0,1,0,1,1
Steven Souza Jr.,0,2,1,1,2,2,2,2
T.J. Bohn,0,1,1,1,1,1,1,1
T.J. Rivera,1,0,2,1,2,2,2,2
Tagg Bozied,1,1,1,1,1,1,2,2
Taylor Davis,0,1,2,2,1,1,1,1
Taylor Featherston,1,0,1,0,1,0,1,1
Taylor Green,1,1,1,2,2,2,2,2
Taylor Harbin,1,0,2,1,2,1,1,1
Taylor Lindsey,1,1,2,1,0,0,1,0
Taylor Motter,2,1,1,1,1,1,1,1
Teoscar Hernandez,1,1,1,1,1,1,1,1
Terrmel Sledge,1,2,1,2,2,2,2,2
Terry Evans,2,0,1,0,1,1,2,1
Terry Tiffee,1,0,2,1,2,1,1,1
Thomas Neal,0,1,1,1,1,1,0,0
Tike Redman,2,1,2,2,1,1,1,1
Tim Beckham,2,1,1,1,1,1,1,1
Tim Federowicz,1,1,1,1,1,1,1,1
Tim Fedroff,2,2,1,1,0,1,0,0
Tim Raines,2,0,1,0,2,1,2,2
Tim Smalling,0,1,1,1,1,0,0,0
Tim Wheeler,1,1,1,1,1,1,1,1
Timo Perez,1,1,2,2,2,1,1,1
Todd Cunningham,1,1,1,1,1,1,1,1
Todd Frazier,2,1,1,1,1,1,1,1
Todd Linden,1,2,1,1,1,2,1,1
Tomas De La Rosa,1,1,1,1,1,1,1,1
Tomas Perez,1,0,1,1,1,0,0,0
Tommy Everidge,1,1,1,1,0,1,1,1
Tommy Field,1,1,1,1,0,1,1,1
Tommy Manzella,2,1,1,1,1,1,1,1
Tommy Murphy,1,1,1,1,1,1,1,1
Tommy Pham,0,1,1,1,2,2,2,2
Tommy Watkins,0,1,1,1,1,1,1,1
Tony Abreu,1,0,1,0,2,1,1,1
Tony Campana,0,1,1,1,1,1,0,1
Tony Gwynn Jr.,1,1,1,1,1,1,1,1
Tony Kemp,2,1,2,2,2,2,1,1
Travis Denker,1,1,1,1,0,1,0,0
Travis Ishikawa,1,1,0,1,0,1,1,1
Travis Metcalf,1,1,1,1,1,1,1,1
Travis Snider,1,1,1,1,1,2,1,1
Travis Taijeron,1,2,0,1,1,2,2,2
Trayce Thompson,0,0,1,0,1,0,1,1
Trayvon Robinson,1,1,0,1,1,1,1,1
Trent Durrington,1,1,1,1,0,0,0,0
Trent Oeltjen,1,1,1,1,2,1,2,2
Trevor Plouffe,1,1,1,1,1,0,1,1
Trey Mancini,2,1,1,1,1,1,1,1
Tsuyoshi Nishioka,1,1,2,1,1,1,0,0
Tug Hulett,1,2,1,1,1,1,1,1
Ty Kelly,1,2,1,2,0,1,0,1
Tyler Collins,2,1,1,1,1,1,1,1
Tyler Flowers,0,2,0,1,0,1,1,1
Tyler Graham,1,1,1,1,1,1,0,0
Tyler Greene,1,0,0,0,1,1,1,1
Tyler Henson,1,1,1,1,1,0,0,0
Tyler Holt,1,2,1,2,2,2,1,1
Tyler Kuhn,2,0,1,1,1,0,1,1
Tyler O'Neill,2,1,0,1,0,1,2,1
Tyler Smith,0,1,1,1,1,1,0,0
Tyler Wade,0,1,1,1,2,2,1,1
Tyler White,1,1,1,1,1,1,2,2
Tyrell Godwin,1,1,1,1,0,0,1,1
Valentino Pascucci,2,2,0,1,1,2,1,2
Victor Diaz,1,1,0,1,1,1,1,1
Vince Belnome,1,2,1,1,1,2,1,1
Vinnie Catricala,1,1,1,1,0,0,0,0
Vinny Rottino,1,1,1,1,1,1,1,1
Wayne Lydon,2,1,1,1,1,1,0,0
Wes Bankston,1,0,1,1,1,0,1,1
Wes Hodges,2,0,1,1,1,0,1,1
Wes Timmons,1,1,2,2,1,2,1,1
Whit Merrifield,2,1,2,1,1,1,0,0
Wil Myers,1,1,1,1,2,2,2,2
Wilfredo Tovar,1,1,1,1,1,0,0,0
Wilkin Castillo,1,0,2,1,0,0,0,0
Wilkin Ramirez,1,1,0,0,1,1,1,1
Will Rhymes,1,1,2,2,1,1,1,1
Will Venable,1,1,1,1,1,1,1,1
William Bergolla,1,1,2,1,1,1,1,1
Willie Calhoun,2,1,2,1,1,1,2,2
Willy Adames,2,1,1,1,1,1,1,1
Willy Garcia,1,1,0,0,0,0,1,0
Willy Taveras,1,0,2,1,2,1,1,1
Wilmer Flores,1,0,1,1,2,1,2,2
Wilson Betemit,1,1,0,1,0,0,1,1
Wilson Valdez,2,1,2,2,2,2,1,1
Wladimir Balentien,1,1,1,1,1,1,2,2
Xavier Avery,1,1,0,1,1,1,1,1
Xavier Nady,1,1,1,1,1,1,1,1
Xavier Paul,1,1,1,1,2,2,1,1
Xavier Scruggs,1,2,1,1,1,1,1,2
Yadiel Rivera,0,1,0,0,0,0,0,0
Yamaico Navarro,1,2,1,1,1,1,1,1
Yandy Diaz,0,1,1,1,2,2,1,2
Yangervis Solarte,2,1,2,1,1,1,1,1
Yonder Alonso,1,1,1,1,1,1,1,1
Yordany Ramirez,1,0,1,0,0,0,1,0
Yurendell de Caster,1,1,1,1,1,1,1,1
Zach Borenstein,0,1,0,1,1,1,2,1
Zach Lutz,1,2,1,1,1,2,1,2
Zach Shank,0,1,1,1,0,0,0,0
Zach Vincej,0,1,2,1,1,1,1,1
Zach Walters,1,0,0,0,1,0,2,1
Zack Cozart,2,1,1,1,1,0,1,1
Zoilo Almonte,1,1,1,0,1,0,1,1
